"CTYNAME","WHITE","BLACK","INDIAN","ASIAN","HAWAIIAN","OTHERS","YEAR","POPULATION 18-24","HIGHSCHOOL DEGREE","BACHELOR'S DEGREE","POPULATION >25","HIGHSCHOOL DEGREE >25","BACHELOR'S DEGREE >25","GRADUATE DEGREE >25","POVERTY RATE >25","Percent Married","Percent Divorced","EMPLOYMENT ESTIMATE","INCOME/BENEFITS","Citizen: Total","Citizen: US Born","Citizen: Puerto Rico/US Islands Born","Citizen: Born Abroad","Citizen: Naturalization","Not Citizen","AGE1519","AGE2024","AGE2529","AGE18ABOVE","POPULATION"
"Aitkin County, Minnesota",15225,68,346,53,1,21,2014,817,42.8,5.9,12343,40.8,10.2,4.6,23.4,62.2,11.5,13763,7903,15964,15736,10,62,105,51,5.3,3.4,3.9,81.9,15964
"Aitkin County, Minnesota",15225,68,346,53,1,21,2014,817,42.8,5.9,12343,40.8,10.2,4.6,23.4,62.2,11.5,13763,7903,15964,15736,10,62,105,51,4.9,3.4,3.8,82.4,15964
"Aitkin County, Minnesota",15225,68,346,53,1,21,2014,817,42.8,5.9,12343,40.8,10.2,4.6,23.4,62.2,11.5,13510,7637,15964,15736,10,62,105,51,5.3,3.4,3.9,81.9,15964
"Aitkin County, Minnesota",15225,68,346,53,1,21,2014,817,42.8,5.9,12343,40.8,10.2,4.6,23.4,62.2,11.5,13510,7637,15964,15736,10,62,105,51,4.9,3.4,3.8,82.4,15964
"Anoka County, Minnesota",289757,15995,2037,13369,72,5579,2014,27322,32.8,9.7,224628,28.8,19.5,7.7,19.2,54.7,10.6,251164,120026,336316,310812,247,2025,13205,10027,7.3,5.7,6.6,73.4,336316
"Anoka County, Minnesota",289757,15995,2037,13369,72,5579,2014,27322,32.8,9.7,224628,28.8,19.5,7.7,19.2,54.7,10.6,251164,120026,336316,310812,247,2025,13205,10027,6.8,5.8,6.4,74.9,336316
"Anoka County, Minnesota",289757,15995,2037,13369,72,5579,2014,27322,32.8,9.7,224628,28.8,19.5,7.7,19.2,54.7,10.6,262119,123446,336316,310812,247,2025,13205,10027,7.3,5.7,6.6,73.4,336316
"Anoka County, Minnesota",289757,15995,2037,13369,72,5579,2014,27322,32.8,9.7,224628,28.8,19.5,7.7,19.2,54.7,10.6,262119,123446,336316,310812,247,2025,13205,10027,6.8,5.8,6.4,74.9,336316
"Becker County, Minnesota",29021,147,2406,144,7,97,2014,2236,38.2,5.1,22617,33.1,15.4,6.2,25.2,57.4,10.4,25295,13345,32971,32316,2,82,234,337,6.5,4.9,5.2,75.5,32971
"Becker County, Minnesota",29021,147,2406,144,7,97,2014,2236,38.2,5.1,22617,33.1,15.4,6.2,25.2,57.4,10.4,25295,13345,32971,32316,2,82,234,337,6.1,4.8,5.2,75.4,32971
"Becker County, Minnesota",29021,147,2406,144,7,97,2014,2236,38.2,5.1,22617,33.1,15.4,6.2,25.2,57.4,10.4,25793,13534,32971,32316,2,82,234,337,6.5,4.9,5.2,75.5,32971
"Becker County, Minnesota",29021,147,2406,144,7,97,2014,2236,38.2,5.1,22617,33.1,15.4,6.2,25.2,57.4,10.4,25793,13534,32971,32316,2,82,234,337,6.1,4.8,5.2,75.4,32971
"Beltrami County, Minnesota",33650,386,9109,415,49,118,2014,6554,22.7,7.2,27268,26.9,18.1,8.7,37.4,45.7,11.1,33986,16759,45236,44020,0,336,469,411,8.5,10.3,6.7,74.6,45236
"Beltrami County, Minnesota",33650,386,9109,415,49,118,2014,6554,22.7,7.2,27268,26.9,18.1,8.7,37.4,45.7,11.1,33986,16759,45236,44020,0,336,469,411,8.4,10.3,6.3,74.8,45236
"Beltrami County, Minnesota",33650,386,9109,415,49,118,2014,6554,22.7,7.2,27268,26.9,18.1,8.7,37.4,45.7,11.1,35131,16793,45236,44020,0,336,469,411,8.5,10.3,6.7,74.6,45236
"Beltrami County, Minnesota",33650,386,9109,415,49,118,2014,6554,22.7,7.2,27268,26.9,18.1,8.7,37.4,45.7,11.1,35131,16793,45236,44020,0,336,469,411,8.4,10.3,6.3,74.8,45236
"Benton County, Minnesota",36841,954,195,438,0,42,2014,3567,27.3,7.6,25776,32.9,14.1,6.1,24.1,51.6,10.4,29638,14986,38980,38061,0,65,465,389,6.4,8.4,9,74.9,38980
"Benton County, Minnesota",36841,954,195,438,0,42,2014,3567,27.3,7.6,25776,32.9,14.1,6.1,24.1,51.6,10.4,29638,14986,38980,38061,0,65,465,389,5.8,7,8.3,75.3,38980
"Benton County, Minnesota",36841,954,195,438,0,42,2014,3567,27.3,7.6,25776,32.9,14.1,6.1,24.1,51.6,10.4,30263,15466,38980,38061,0,65,465,389,6.4,8.4,9,74.9,38980
"Benton County, Minnesota",36841,954,195,438,0,42,2014,3567,27.3,7.6,25776,32.9,14.1,6.1,24.1,51.6,10.4,30263,15466,38980,38061,0,65,465,389,5.8,7,8.3,75.3,38980
"Big Stone County, Minnesota",5084,14,13,2,0,7,2014,309,26.9,8.7,3803,42.6,14.3,4,30.4,63.8,7.8,4320,2366,5180,5110,1,23,35,11,6.5,4.1,4.2,78.9,5180
"Big Stone County, Minnesota",5084,14,13,2,0,7,2014,309,26.9,8.7,3803,42.6,14.3,4,30.4,63.8,7.8,4320,2366,5180,5110,1,23,35,11,5.3,4.4,4.2,79.4,5180
"Big Stone County, Minnesota",5084,14,13,2,0,7,2014,309,26.9,8.7,3803,42.6,14.3,4,30.4,63.8,7.8,4235,2316,5180,5110,1,23,35,11,6.5,4.1,4.2,78.9,5180
"Big Stone County, Minnesota",5084,14,13,2,0,7,2014,309,26.9,8.7,3803,42.6,14.3,4,30.4,63.8,7.8,4235,2316,5180,5110,1,23,35,11,5.3,4.4,4.2,79.4,5180
"Blue Earth County, Minnesota",59808,1970,234,1299,15,267,2014,14148,15.9,8.9,37926,29,20.9,9.4,27,45.5,6.8,51895,23889,64720,61721,14,417,1278,1290,9.6,17.2,7.5,80.6,64720
"Blue Earth County, Minnesota",59808,1970,234,1299,15,267,2014,14148,15.9,8.9,37926,29,20.9,9.4,27,45.5,6.8,51895,23889,64720,61721,14,417,1278,1290,8.9,15.9,8.2,80.5,64720
"Blue Earth County, Minnesota",59808,1970,234,1299,15,267,2014,14148,15.9,8.9,37926,29,20.9,9.4,27,45.5,6.8,53365,24719,64720,61721,14,417,1278,1290,9.6,17.2,7.5,80.6,64720
"Blue Earth County, Minnesota",59808,1970,234,1299,15,267,2014,14148,15.9,8.9,37926,29,20.9,9.4,27,45.5,6.8,53365,24719,64720,61721,14,417,1278,1290,8.9,15.9,8.2,80.5,64720
"Brown County, Minnesota",24882,99,29,99,16,193,2014,2473,26.7,4.9,17491,38.9,14.7,6.8,14.8,54.1,9.7,20946,10798,25513,25035,3,118,183,174,7.4,6.6,5.1,77.6,25513
"Brown County, Minnesota",24882,99,29,99,16,193,2014,2473,26.7,4.9,17491,38.9,14.7,6.8,14.8,54.1,9.7,20946,10798,25513,25035,3,118,183,174,6.8,6.6,5.3,78.3,25513
"Brown County, Minnesota",24882,99,29,99,16,193,2014,2473,26.7,4.9,17491,38.9,14.7,6.8,14.8,54.1,9.7,20596,10749,25513,25035,3,118,183,174,7.4,6.6,5.1,77.6,25513
"Brown County, Minnesota",24882,99,29,99,16,193,2014,2473,26.7,4.9,17491,38.9,14.7,6.8,14.8,54.1,9.7,20596,10749,25513,25035,3,118,183,174,6.8,6.6,5.3,78.3,25513
"Carlton County, Minnesota",31760,467,1933,232,5,92,2014,2692,37.6,3.8,24457,36.5,16.2,6.2,27.2,52.5,12.7,27641,13724,35430,34941,14,128,227,120,6.6,5.2,5.5,76.1,35430
"Carlton County, Minnesota",31760,467,1933,232,5,92,2014,2692,37.6,3.8,24457,36.5,16.2,6.2,27.2,52.5,12.7,27641,13724,35430,34941,14,128,227,120,6.1,5.4,5.7,76.6,35430
"Carlton County, Minnesota",31760,467,1933,232,5,92,2014,2692,37.6,3.8,24457,36.5,16.2,6.2,27.2,52.5,12.7,28059,13542,35430,34941,14,128,227,120,6.6,5.2,5.5,76.1,35430
"Carlton County, Minnesota",31760,467,1933,232,5,92,2014,2692,37.6,3.8,24457,36.5,16.2,6.2,27.2,52.5,12.7,28059,13542,35430,34941,14,128,227,120,6.1,5.4,5.7,76.6,35430
"Carver County, Minnesota",87324,1015,163,2485,74,1116,2014,6749,25.7,14.7,60296,21.2,32.2,12.9,18.2,62.7,7.8,64808,32202,94212,88535,2,433,2706,2536,7,4.6,5.5,69.8,94212
"Carver County, Minnesota",87324,1015,163,2485,74,1116,2014,6749,25.7,14.7,60296,21.2,32.2,12.9,18.2,62.7,7.8,64808,32202,94212,88535,2,433,2706,2536,7.5,4.6,5.2,71.2,94212
"Carver County, Minnesota",87324,1015,163,2485,74,1116,2014,6749,25.7,14.7,60296,21.2,32.2,12.9,18.2,62.7,7.8,70237,33813,94212,88535,2,433,2706,2536,7,4.6,5.5,69.8,94212
"Carver County, Minnesota",87324,1015,163,2485,74,1116,2014,6749,25.7,14.7,60296,21.2,32.2,12.9,18.2,62.7,7.8,70237,33813,94212,88535,2,433,2706,2536,7.5,4.6,5.2,71.2,94212
"Cass County, Minnesota",24352,106,2935,131,74,26,2014,1831,39.6,2.6,20604,36.2,13.7,5.9,33.3,60.7,10.4,23143,12944,28499,28155,3,83,171,87,6.3,4.5,4.6,77.9,28499
"Cass County, Minnesota",24352,106,2935,131,74,26,2014,1831,39.6,2.6,20604,36.2,13.7,5.9,33.3,60.7,10.4,23143,12944,28499,28155,3,83,171,87,5.6,4.5,4.5,78.7,28499
"Cass County, Minnesota",24352,106,2935,131,74,26,2014,1831,39.6,2.6,20604,36.2,13.7,5.9,33.3,60.7,10.4,23084,12876,28499,28155,3,83,171,87,6.3,4.5,4.6,77.9,28499
"Cass County, Minnesota",24352,106,2935,131,74,26,2014,1831,39.6,2.6,20604,36.2,13.7,5.9,33.3,60.7,10.4,23084,12876,28499,28155,3,83,171,87,5.6,4.5,4.5,78.7,28499
"Chippewa County, Minnesota",11493,94,61,68,117,149,2014,901,28.1,6.5,8528,34.2,13.3,4.3,23.7,55.5,11.5,9915,5193,12235,11711,16,32,104,372,6.9,5.1,5.2,76.1,12235
"Chippewa County, Minnesota",11493,94,61,68,117,149,2014,901,28.1,6.5,8528,34.2,13.3,4.3,23.7,55.5,11.5,9915,5193,12235,11711,16,32,104,372,6.5,5.3,6,77.1,12235
"Chippewa County, Minnesota",11493,94,61,68,117,149,2014,901,28.1,6.5,8528,34.2,13.3,4.3,23.7,55.5,11.5,9803,5050,12235,11711,16,32,104,372,6.9,5.1,5.2,76.1,12235
"Chippewa County, Minnesota",11493,94,61,68,117,149,2014,901,28.1,6.5,8528,34.2,13.3,4.3,23.7,55.5,11.5,9803,5050,12235,11711,16,32,104,372,6.5,5.3,6,77.1,12235
"Chisago County, Minnesota",51396,613,293,374,7,256,2014,4202,38.2,4.6,36419,34.3,15.3,6.3,12.3,57.1,10.8,40590,19328,53798,52656,17,259,448,418,7,5.1,5.9,73.7,53798
"Chisago County, Minnesota",51396,613,293,374,7,256,2014,4202,38.2,4.6,36419,34.3,15.3,6.3,12.3,57.1,10.8,40590,19328,53798,52656,17,259,448,418,7.2,5.3,5.4,75.5,53798
"Chisago County, Minnesota",51396,613,293,374,7,256,2014,4202,38.2,4.6,36419,34.3,15.3,6.3,12.3,57.1,10.8,42215,19757,53798,52656,17,259,448,418,7,5.1,5.9,73.7,53798
"Chisago County, Minnesota",51396,613,293,374,7,256,2014,4202,38.2,4.6,36419,34.3,15.3,6.3,12.3,57.1,10.8,42215,19757,53798,52656,17,259,448,418,7.2,5.3,5.4,75.5,53798
"Clay County, Minnesota",55694,960,765,690,20,467,2014,10204,23.6,7.9,36106,28.8,22.1,8.4,20.5,49.2,8.6,45278,21684,60249,57926,17,356,1000,950,10.8,11,6.4,76.9,60249
"Clay County, Minnesota",55694,960,765,690,20,467,2014,10204,23.6,7.9,36106,28.8,22.1,8.4,20.5,49.2,8.6,45278,21684,60249,57926,17,356,1000,950,9,11.6,7,76.9,60249
"Clay County, Minnesota",55694,960,765,690,20,467,2014,10204,23.6,7.9,36106,28.8,22.1,8.4,20.5,49.2,8.6,47682,22545,60249,57926,17,356,1000,950,10.8,11,6.4,76.9,60249
"Clay County, Minnesota",55694,960,765,690,20,467,2014,10204,23.6,7.9,36106,28.8,22.1,8.4,20.5,49.2,8.6,47682,22545,60249,57926,17,356,1000,950,9,11.6,7,76.9,60249
"Clearwater County, Minnesota",7590,17,766,41,7,7,2014,593,37.6,3.4,5985,38.5,10.2,3.9,31,59.3,10.5,6717,3698,8735,8595,6,53,47,34,6.7,4.8,5.2,75.7,8735
"Clearwater County, Minnesota",7590,17,766,41,7,7,2014,593,37.6,3.4,5985,38.5,10.2,3.9,31,59.3,10.5,6717,3698,8735,8595,6,53,47,34,6.2,4.6,5.1,75.3,8735
"Clearwater County, Minnesota",7590,17,766,41,7,7,2014,593,37.6,3.4,5985,38.5,10.2,3.9,31,59.3,10.5,6813,3539,8735,8595,6,53,47,34,6.7,4.8,5.2,75.7,8735
"Clearwater County, Minnesota",7590,17,766,41,7,7,2014,593,37.6,3.4,5985,38.5,10.2,3.9,31,59.3,10.5,6813,3539,8735,8595,6,53,47,34,6.2,4.6,5.1,75.3,8735
"Cook County, Minnesota",4534,50,366,44,21,55,2014,265,27.2,9.4,4104,24.5,24.2,16.4,19.6,62.4,12.3,4455,2607,5197,4894,9,62,68,164,4.2,4.2,5.2,82.8,5197
"Cook County, Minnesota",4534,50,366,44,21,55,2014,265,27.2,9.4,4104,24.5,24.2,16.4,19.6,62.4,12.3,4455,2607,5197,4894,9,62,68,164,3.7,4.7,4.8,84.1,5197
"Cook County, Minnesota",4534,50,366,44,21,55,2014,265,27.2,9.4,4104,24.5,24.2,16.4,19.6,62.4,12.3,4507,2627,5197,4894,9,62,68,164,4.2,4.2,5.2,82.8,5197
"Cook County, Minnesota",4534,50,366,44,21,55,2014,265,27.2,9.4,4104,24.5,24.2,16.4,19.6,62.4,12.3,4507,2627,5197,4894,9,62,68,164,3.7,4.7,4.8,84.1,5197
"Cottonwood County, Minnesota",10657,65,51,257,26,422,2014,891,33.7,4.7,8027,36.7,11.9,5.1,31,58.4,9.9,9232,4912,11676,11165,0,46,246,219,6.3,4.1,5.9,75.6,11676
"Cottonwood County, Minnesota",10657,65,51,257,26,422,2014,891,33.7,4.7,8027,36.7,11.9,5.1,31,58.4,9.9,9232,4912,11676,11165,0,46,246,219,6,5.4,4.5,76.4,11676
"Cottonwood County, Minnesota",10657,65,51,257,26,422,2014,891,33.7,4.7,8027,36.7,11.9,5.1,31,58.4,9.9,9200,4855,11676,11165,0,46,246,219,6.3,4.1,5.9,75.6,11676
"Cottonwood County, Minnesota",10657,65,51,257,26,422,2014,891,33.7,4.7,8027,36.7,11.9,5.1,31,58.4,9.9,9200,4855,11676,11165,0,46,246,219,6,5.4,4.5,76.4,11676
"Crow Wing County, Minnesota",60757,480,712,315,0,86,2014,4597,32.3,6,44110,31.1,15.7,7.3,22.3,57.1,11.4,49125,26913,62900,61652,13,212,527,496,6.5,5.2,5.7,76.5,62900
"Crow Wing County, Minnesota",60757,480,712,315,0,86,2014,4597,32.3,6,44110,31.1,15.7,7.3,22.3,57.1,11.4,49125,26913,62900,61652,13,212,527,496,5.8,5.3,5.4,77.4,62900
"Crow Wing County, Minnesota",60757,480,712,315,0,86,2014,4597,32.3,6,44110,31.1,15.7,7.3,22.3,57.1,11.4,50407,26654,62900,61652,13,212,527,496,6.5,5.2,5.7,76.5,62900
"Crow Wing County, Minnesota",60757,480,712,315,0,86,2014,4597,32.3,6,44110,31.1,15.7,7.3,22.3,57.1,11.4,50407,26654,62900,61652,13,212,527,496,5.8,5.3,5.4,77.4,62900
"Dakota County, Minnesota",342532,20814,1402,18164,235,10740,2014,31865,30.3,13.1,270043,22.1,27.3,12.3,20.1,55.3,10.2,300150,151122,405521,367037,796,2868,18853,15967,7.1,5.7,6.9,73.2,405521
"Dakota County, Minnesota",342532,20814,1402,18164,235,10740,2014,31865,30.3,13.1,270043,22.1,27.3,12.3,20.1,55.3,10.2,300150,151122,405521,367037,796,2868,18853,15967,6.8,5.5,6.6,74.4,405521
"Dakota County, Minnesota",342532,20814,1402,18164,235,10740,2014,31865,30.3,13.1,270043,22.1,27.3,12.3,20.1,55.3,10.2,314309,155220,405521,367037,796,2868,18853,15967,7.1,5.7,6.9,73.2,405521
"Dakota County, Minnesota",342532,20814,1402,18164,235,10740,2014,31865,30.3,13.1,270043,22.1,27.3,12.3,20.1,55.3,10.2,314309,155220,405521,367037,796,2868,18853,15967,6.8,5.5,6.6,74.4,405521
"Dodge County, Minnesota",19614,107,31,101,0,179,2014,1536,37.2,7.4,13056,32.9,18.1,6,15.1,59.2,9.8,14775,7301,20246,19773,45,44,124,260,7.3,4.6,6.2,70.9,20246
"Dodge County, Minnesota",19614,107,31,101,0,179,2014,1536,37.2,7.4,13056,32.9,18.1,6,15.1,59.2,9.8,14775,7301,20246,19773,45,44,124,260,7.4,5.1,5.3,72.1,20246
"Dodge County, Minnesota",19614,107,31,101,0,179,2014,1536,37.2,7.4,13056,32.9,18.1,6,15.1,59.2,9.8,15232,7491,20246,19773,45,44,124,260,7.3,4.6,6.2,70.9,20246
"Dodge County, Minnesota",19614,107,31,101,0,179,2014,1536,37.2,7.4,13056,32.9,18.1,6,15.1,59.2,9.8,15232,7491,20246,19773,45,44,124,260,7.4,5.1,5.3,72.1,20246
"Douglas County, Minnesota",35590,191,100,82,2,61,2014,2843,27.2,9.9,25786,30.5,17.3,6.9,18.6,60.7,8.8,29082,16070,36413,35836,21,179,198,179,6.6,6.1,6,78.2,36413
"Douglas County, Minnesota",35590,191,100,82,2,61,2014,2843,27.2,9.9,25786,30.5,17.3,6.9,18.6,60.7,8.8,29082,16070,36413,35836,21,179,198,179,5.7,5.6,5.7,78.6,36413
"Douglas County, Minnesota",35590,191,100,82,2,61,2014,2843,27.2,9.9,25786,30.5,17.3,6.9,18.6,60.7,8.8,29515,15639,36413,35836,21,179,198,179,6.6,6.1,6,78.2,36413
"Douglas County, Minnesota",35590,191,100,82,2,61,2014,2843,27.2,9.9,25786,30.5,17.3,6.9,18.6,60.7,8.8,29515,15639,36413,35836,21,179,198,179,5.7,5.6,5.7,78.6,36413
"Faribault County, Minnesota",14002,56,49,56,0,50,2014,956,36.9,5.9,10307,40.2,12.7,4.3,24.7,57.5,10.3,12028,6301,14337,14022,2,60,123,130,7.2,4.8,4.6,77.7,14337
"Faribault County, Minnesota",14002,56,49,56,0,50,2014,956,36.9,5.9,10307,40.2,12.7,4.3,24.7,57.5,10.3,12028,6301,14337,14022,2,60,123,130,6.4,4.5,5,78.6,14337
"Faribault County, Minnesota",14002,56,49,56,0,50,2014,956,36.9,5.9,10307,40.2,12.7,4.3,24.7,57.5,10.3,11663,6311,14337,14022,2,60,123,130,7.2,4.8,4.6,77.7,14337
"Faribault County, Minnesota",14002,56,49,56,0,50,2014,956,36.9,5.9,10307,40.2,12.7,4.3,24.7,57.5,10.3,11663,6311,14337,14022,2,60,123,130,6.4,4.5,5,78.6,14337
"Fillmore County, Minnesota",20492,75,33,58,0,35,2014,1439,30,5.4,14407,36.1,13.4,5.3,29.4,59.8,9.1,16494,8546,20842,20513,1,105,116,107,6.9,4.8,5.2,75.4,20842
"Fillmore County, Minnesota",20492,75,33,58,0,35,2014,1439,30,5.4,14407,36.1,13.4,5.3,29.4,59.8,9.1,16494,8546,20842,20513,1,105,116,107,6,4.9,4.9,76,20842
"Fillmore County, Minnesota",20492,75,33,58,0,35,2014,1439,30,5.4,14407,36.1,13.4,5.3,29.4,59.8,9.1,16393,8424,20842,20513,1,105,116,107,6.9,4.8,5.2,75.4,20842
"Fillmore County, Minnesota",20492,75,33,58,0,35,2014,1439,30,5.4,14407,36.1,13.4,5.3,29.4,59.8,9.1,16393,8424,20842,20513,1,105,116,107,6,4.9,4.9,76,20842
"Freeborn County, Minnesota",29496,297,105,301,12,445,2014,2282,38.4,3.6,21944,36.7,10.6,4.7,20.2,52.2,11.4,25337,13186,31034,29944,4,89,347,650,6.4,4.9,5.3,77.9,31034
"Freeborn County, Minnesota",29496,297,105,301,12,445,2014,2282,38.4,3.6,21944,36.7,10.6,4.7,20.2,52.2,11.4,25337,13186,31034,29944,4,89,347,650,5.7,5.4,5.2,78.1,31034
"Freeborn County, Minnesota",29496,297,105,301,12,445,2014,2282,38.4,3.6,21944,36.7,10.6,4.7,20.2,52.2,11.4,25015,13077,31034,29944,4,89,347,650,6.4,4.9,5.3,77.9,31034
"Freeborn County, Minnesota",29496,297,105,301,12,445,2014,2282,38.4,3.6,21944,36.7,10.6,4.7,20.2,52.2,11.4,25015,13077,31034,29944,4,89,347,650,5.7,5.4,5.2,78.1,31034
"Goodhue County, Minnesota",43999,557,514,257,0,233,2014,3368,38.1,10,32228,32.8,16.7,6.8,22,55.8,11.5,36324,18758,46336,45097,4,131,409,695,6.8,5.1,5.4,76,46336
"Goodhue County, Minnesota",43999,557,514,257,0,233,2014,3368,38.1,10,32228,32.8,16.7,6.8,22,55.8,11.5,36324,18758,46336,45097,4,131,409,695,6.6,5.1,5.4,76.8,46336
"Goodhue County, Minnesota",43999,557,514,257,0,233,2014,3368,38.1,10,32228,32.8,16.7,6.8,22,55.8,11.5,36933,18743,46336,45097,4,131,409,695,6.8,5.1,5.4,76,46336
"Goodhue County, Minnesota",43999,557,514,257,0,233,2014,3368,38.1,10,32228,32.8,16.7,6.8,22,55.8,11.5,36933,18743,46336,45097,4,131,409,695,6.6,5.1,5.4,76.8,46336
"Grant County, Minnesota",5840,6,16,23,0,16,2014,388,25.3,9.3,4314,34.1,14.8,3.4,20.8,60.3,10.3,4928,2663,5977,5889,0,17,51,20,6.1,4.7,5.1,78.4,5977
"Grant County, Minnesota",5840,6,16,23,0,16,2014,388,25.3,9.3,4314,34.1,14.8,3.4,20.8,60.3,10.3,4928,2663,5977,5889,0,17,51,20,5.6,4.5,4.8,78.7,5977
"Grant County, Minnesota",5840,6,16,23,0,16,2014,388,25.3,9.3,4314,34.1,14.8,3.4,20.8,60.3,10.3,4850,2576,5977,5889,0,17,51,20,6.1,4.7,5.1,78.4,5977
"Grant County, Minnesota",5840,6,16,23,0,16,2014,388,25.3,9.3,4314,34.1,14.8,3.4,20.8,60.3,10.3,4850,2576,5977,5889,0,17,51,20,5.6,4.5,4.8,78.7,5977
"Hennepin County, Minnesota",886047,141240,8458,77744,484,27761,2014,110187,21.6,19,808209,18.2,30.2,16.1,33.1,46.8,10,905608,473856,1184091,1019021,960,9106,71113,83891,6.5,7.4,8.7,77.1,1184091
"Hennepin County, Minnesota",886047,141240,8458,77744,484,27761,2014,110187,21.6,19,808209,18.2,30.2,16.1,33.1,46.8,10,905608,473856,1184091,1019021,960,9106,71113,83891,6.1,6.8,8.8,77.6,1184091
"Hennepin County, Minnesota",886047,141240,8458,77744,484,27761,2014,110187,21.6,19,808209,18.2,30.2,16.1,33.1,46.8,10,946185,484868,1184091,1019021,960,9106,71113,83891,6.5,7.4,8.7,77.1,1184091
"Hennepin County, Minnesota",886047,141240,8458,77744,484,27761,2014,110187,21.6,19,808209,18.2,30.2,16.1,33.1,46.8,10,946185,484868,1184091,1019021,960,9106,71113,83891,6.1,6.8,8.8,77.6,1184091
"Houston County, Minnesota",18359,46,49,30,0,37,2014,1342,30,8.3,13381,34.8,15.3,6.7,23.7,57.9,8.3,15270,7770,18859,18567,17,72,117,86,7.1,4.6,5,76.1,18859
"Houston County, Minnesota",18359,46,49,30,0,37,2014,1342,30,8.3,13381,34.8,15.3,6.7,23.7,57.9,8.3,15270,7770,18859,18567,17,72,117,86,6.4,4.8,4.9,78.1,18859
"Houston County, Minnesota",18359,46,49,30,0,37,2014,1342,30,8.3,13381,34.8,15.3,6.7,23.7,57.9,8.3,15254,7862,18859,18567,17,72,117,86,7.1,4.6,5,76.1,18859
"Houston County, Minnesota",18359,46,49,30,0,37,2014,1342,30,8.3,13381,34.8,15.3,6.7,23.7,57.9,8.3,15254,7862,18859,18567,17,72,117,86,6.4,4.8,4.9,78.1,18859
"Hubbard County, Minnesota",19406,131,404,90,10,74,2014,1205,40.2,6.2,14931,31.6,16.7,7.6,23.1,62.2,10.7,16292,8616,20518,20159,3,81,153,122,6.3,4,4.4,77.8,20518
"Hubbard County, Minnesota",19406,131,404,90,10,74,2014,1205,40.2,6.2,14931,31.6,16.7,7.6,23.1,62.2,10.7,16292,8616,20518,20159,3,81,153,122,5.9,3.9,4.3,78.6,20518
"Hubbard County, Minnesota",19406,131,404,90,10,74,2014,1205,40.2,6.2,14931,31.6,16.7,7.6,23.1,62.2,10.7,16712,8740,20518,20159,3,81,153,122,6.3,4,4.4,77.8,20518
"Hubbard County, Minnesota",19406,131,404,90,10,74,2014,1205,40.2,6.2,14931,31.6,16.7,7.6,23.1,62.2,10.7,16712,8740,20518,20159,3,81,153,122,5.9,3.9,4.3,78.6,20518
"Isanti County, Minnesota",36720,235,199,279,6,73,2014,2940,42.2,4,25625,38.8,12.1,5,22.8,56.7,9.8,28752,13988,38190,37528,3,151,317,191,7,5.9,6.6,73.4,38190
"Isanti County, Minnesota",36720,235,199,279,6,73,2014,2940,42.2,4,25625,38.8,12.1,5,22.8,56.7,9.8,28752,13988,38190,37528,3,151,317,191,6.8,5.4,6.2,74.8,38190
"Isanti County, Minnesota",36720,235,199,279,6,73,2014,2940,42.2,4,25625,38.8,12.1,5,22.8,56.7,9.8,29667,13958,38190,37528,3,151,317,191,7,5.9,6.6,73.4,38190
"Isanti County, Minnesota",36720,235,199,279,6,73,2014,2940,42.2,4,25625,38.8,12.1,5,22.8,56.7,9.8,29667,13958,38190,37528,3,151,317,191,6.8,5.4,6.2,74.8,38190
"Itasca County, Minnesota",42195,188,1406,182,32,157,2014,3171,33.9,4,32410,33.7,14.5,7.2,17,57.6,11.3,36282,18998,45303,44658,26,191,265,163,6.6,4.8,4.9,78,45303
"Itasca County, Minnesota",42195,188,1406,182,32,157,2014,3171,33.9,4,32410,33.7,14.5,7.2,17,57.6,11.3,36282,18998,45303,44658,26,191,265,163,6.1,4.9,4.8,78.5,45303
"Itasca County, Minnesota",42195,188,1406,182,32,157,2014,3171,33.9,4,32410,33.7,14.5,7.2,17,57.6,11.3,36757,18821,45303,44658,26,191,265,163,6.6,4.8,4.9,78,45303
"Itasca County, Minnesota",42195,188,1406,182,32,157,2014,3171,33.9,4,32410,33.7,14.5,7.2,17,57.6,11.3,36757,18821,45303,44658,26,191,265,163,6.1,4.9,4.8,78.5,45303
"Jackson County, Minnesota",9809,14,18,236,2,117,2014,730,27,13.6,7228,35.2,14.1,4.5,20.1,62,7.6,8365,4531,10260,9997,10,44,81,128,6.9,4.8,4.7,77.3,10260
"Jackson County, Minnesota",9809,14,18,236,2,117,2014,730,27,13.6,7228,35.2,14.1,4.5,20.1,62,7.6,8365,4531,10260,9997,10,44,81,128,6.1,5,5.4,77.6,10260
"Jackson County, Minnesota",9809,14,18,236,2,117,2014,730,27,13.6,7228,35.2,14.1,4.5,20.1,62,7.6,8217,4442,10260,9997,10,44,81,128,6.9,4.8,4.7,77.3,10260
"Jackson County, Minnesota",9809,14,18,236,2,117,2014,730,27,13.6,7228,35.2,14.1,4.5,20.1,62,7.6,8217,4442,10260,9997,10,44,81,128,6.1,5,5.4,77.6,10260
"Kanabec County, Minnesota",15597,27,190,67,0,13,2014,1137,42.7,2.6,11303,39.9,8.4,5,17.8,55,11.6,12894,6439,16084,15925,0,36,64,59,6.9,4.8,5.1,75.8,16084
"Kanabec County, Minnesota",15597,27,190,67,0,13,2014,1137,42.7,2.6,11303,39.9,8.4,5,17.8,55,11.6,12894,6439,16084,15925,0,36,64,59,6.4,4.9,5.1,77.3,16084
"Kanabec County, Minnesota",15597,27,190,67,0,13,2014,1137,42.7,2.6,11303,39.9,8.4,5,17.8,55,11.6,12913,6256,16084,15925,0,36,64,59,6.9,4.8,5.1,75.8,16084
"Kanabec County, Minnesota",15597,27,190,67,0,13,2014,1137,42.7,2.6,11303,39.9,8.4,5,17.8,55,11.6,12913,6256,16084,15925,0,36,64,59,6.4,4.9,5.1,77.3,16084
"Kandiyohi County, Minnesota",38837,1239,213,193,0,1239,2014,3918,23.6,7.7,28351,29.6,14.9,7,22,57.7,8.3,33100,17069,42316,39732,8,126,948,1502,7.6,6.7,5.9,75.8,42316
"Kandiyohi County, Minnesota",38837,1239,213,193,0,1239,2014,3918,23.6,7.7,28351,29.6,14.9,7,22,57.7,8.3,33100,17069,42316,39732,8,126,948,1502,6.3,7,5.8,76.3,42316
"Kandiyohi County, Minnesota",38837,1239,213,193,0,1239,2014,3918,23.6,7.7,28351,29.6,14.9,7,22,57.7,8.3,33501,16885,42316,39732,8,126,948,1502,7.6,6.7,5.9,75.8,42316
"Kandiyohi County, Minnesota",38837,1239,213,193,0,1239,2014,3918,23.6,7.7,28351,29.6,14.9,7,22,57.7,8.3,33501,16885,42316,39732,8,126,948,1502,6.3,7,5.8,76.3,42316
"Kittson County, Minnesota",4423,20,6,20,0,3,2014,274,25.9,8.8,3234,34.4,17,4.2,21.9,54.7,9.6,3750,1954,4501,4401,0,15,70,15,6.4,4.1,3.8,78.8,4501
"Kittson County, Minnesota",4423,20,6,20,0,3,2014,274,25.9,8.8,3234,34.4,17,4.2,21.9,54.7,9.6,3750,1954,4501,4401,0,15,70,15,6.3,4.2,3.6,77.9,4501
"Kittson County, Minnesota",4423,20,6,20,0,3,2014,274,25.9,8.8,3234,34.4,17,4.2,21.9,54.7,9.6,3617,1917,4501,4401,0,15,70,15,6.4,4.1,3.8,78.8,4501
"Kittson County, Minnesota",4423,20,6,20,0,3,2014,274,25.9,8.8,3234,34.4,17,4.2,21.9,54.7,9.6,3617,1917,4501,4401,0,15,70,15,6.3,4.2,3.6,77.9,4501
"Koochiching County, Minnesota",12332,97,427,63,0,1,2014,854,34.9,3.5,9639,36.6,13.8,4.6,30.9,55.1,11,10889,6246,13138,12240,0,253,339,306,6.1,4.4,4.9,78.6,13138
"Koochiching County, Minnesota",12332,97,427,63,0,1,2014,854,34.9,3.5,9639,36.6,13.8,4.6,30.9,55.1,11,10889,6246,13138,12240,0,253,339,306,6.1,4.3,4.7,79.9,13138
"Koochiching County, Minnesota",12332,97,427,63,0,1,2014,854,34.9,3.5,9639,36.6,13.8,4.6,30.9,55.1,11,10852,6006,13138,12240,0,253,339,306,6.1,4.4,4.9,78.6,13138
"Koochiching County, Minnesota",12332,97,427,63,0,1,2014,854,34.9,3.5,9639,36.6,13.8,4.6,30.9,55.1,11,10852,6006,13138,12240,0,253,339,306,6.1,4.3,4.7,79.9,13138
"Lac qui Parle County, Minnesota",6885,34,26,62,0,9,2014,397,37.3,3.3,5213,38.9,14.6,4,19.3,61.5,8.8,6015,3137,7096,6942,0,13,87,54,6.3,3.8,4.1,79,7096
"Lac qui Parle County, Minnesota",6885,34,26,62,0,9,2014,397,37.3,3.3,5213,38.9,14.6,4,19.3,61.5,8.8,6015,3137,7096,6942,0,13,87,54,6,3.6,4.2,79.1,7096
"Lac qui Parle County, Minnesota",6885,34,26,62,0,9,2014,397,37.3,3.3,5213,38.9,14.6,4,19.3,61.5,8.8,5835,3094,7096,6942,0,13,87,54,6.3,3.8,4.1,79,7096
"Lac qui Parle County, Minnesota",6885,34,26,62,0,9,2014,397,37.3,3.3,5213,38.9,14.6,4,19.3,61.5,8.8,5835,3094,7096,6942,0,13,87,54,6,3.6,4.2,79.1,7096
"Lake County, Minnesota",10478,11,30,0,0,46,2014,642,41,9,8152,35.8,14.5,8.7,17.2,61.8,11.5,9143,5181,10791,10564,0,42,89,96,5.5,4.4,4.5,81.3,10791
"Lake County, Minnesota",10478,11,30,0,0,46,2014,642,41,9,8152,35.8,14.5,8.7,17.2,61.8,11.5,9143,5181,10791,10564,0,42,89,96,4.9,4.2,5.2,81.5,10791
"Lake County, Minnesota",10478,11,30,0,0,46,2014,642,41,9,8152,35.8,14.5,8.7,17.2,61.8,11.5,9062,5010,10791,10564,0,42,89,96,5.5,4.4,4.5,81.3,10791
"Lake County, Minnesota",10478,11,30,0,0,46,2014,642,41,9,8152,35.8,14.5,8.7,17.2,61.8,11.5,9062,5010,10791,10564,0,42,89,96,4.9,4.2,5.2,81.5,10791
"Lake of the Woods County, Minnesota",3767,35,15,27,0,0,2014,286,44.1,6.6,2908,43.4,12.9,3.3,6.7,57.8,10.2,3397,1784,3976,3832,0,55,45,44,6.7,3.1,4.2,78.7,3976
"Lake of the Woods County, Minnesota",3767,35,15,27,0,0,2014,286,44.1,6.6,2908,43.4,12.9,3.3,6.7,57.8,10.2,3397,1784,3976,3832,0,55,45,44,6.6,4.1,2.5,80.3,3976
"Lake of the Woods County, Minnesota",3767,35,15,27,0,0,2014,286,44.1,6.6,2908,43.4,12.9,3.3,6.7,57.8,10.2,3320,1700,3976,3832,0,55,45,44,6.7,3.1,4.2,78.7,3976
"Lake of the Woods County, Minnesota",3767,35,15,27,0,0,2014,286,44.1,6.6,2908,43.4,12.9,3.3,6.7,57.8,10.2,3320,1700,3976,3832,0,55,45,44,6.6,4.1,2.5,80.3,3976
"Le Sueur County, Minnesota",26493,162,106,145,0,478,2014,1982,37.2,9,18876,34.6,15.6,6.1,18.8,59.3,8.6,21406,10758,27717,26941,5,95,227,449,6.7,4.9,6,74.4,27717
"Le Sueur County, Minnesota",26493,162,106,145,0,478,2014,1982,37.2,9,18876,34.6,15.6,6.1,18.8,59.3,8.6,21406,10758,27717,26941,5,95,227,449,6.3,5,5.5,75.3,27717
"Le Sueur County, Minnesota",26493,162,106,145,0,478,2014,1982,37.2,9,18876,34.6,15.6,6.1,18.8,59.3,8.6,21626,11007,27717,26941,5,95,227,449,6.7,4.9,6,74.4,27717
"Le Sueur County, Minnesota",26493,162,106,145,0,478,2014,1982,37.2,9,18876,34.6,15.6,6.1,18.8,59.3,8.6,21626,11007,27717,26941,5,95,227,449,6.3,5,5.5,75.3,27717
"Lincoln County, Minnesota",5676,28,8,12,0,71,2014,355,34.1,13.5,4180,41,16.1,3.5,27.5,58.8,7.7,4781,2587,5821,5755,6,6,36,18,5.8,4.2,4.7,77.9,5821
"Lincoln County, Minnesota",5676,28,8,12,0,71,2014,355,34.1,13.5,4180,41,16.1,3.5,27.5,58.8,7.7,4781,2587,5821,5755,6,6,36,18,5.5,4.2,4.5,77.9,5821
"Lincoln County, Minnesota",5676,28,8,12,0,71,2014,355,34.1,13.5,4180,41,16.1,3.5,27.5,58.8,7.7,4682,2469,5821,5755,6,6,36,18,5.8,4.2,4.7,77.9,5821
"Lincoln County, Minnesota",5676,28,8,12,0,71,2014,355,34.1,13.5,4180,41,16.1,3.5,27.5,58.8,7.7,4682,2469,5821,5755,6,6,36,18,5.5,4.2,4.5,77.9,5821
"Lyon County, Minnesota",23169,692,138,813,0,756,2014,3227,28.2,8.1,16227,34.7,19.8,7.4,24.8,50.8,7.7,20126,10263,25724,24252,0,39,394,1039,8.3,9.4,7,75.8,25724
"Lyon County, Minnesota",23169,692,138,813,0,756,2014,3227,28.2,8.1,16227,34.7,19.8,7.4,24.8,50.8,7.7,20126,10263,25724,24252,0,39,394,1039,7.6,8.9,6.8,75.6,25724
"Lyon County, Minnesota",23169,692,138,813,0,756,2014,3227,28.2,8.1,16227,34.7,19.8,7.4,24.8,50.8,7.7,20064,10076,25724,24252,0,39,394,1039,8.3,9.4,7,75.8,25724
"Lyon County, Minnesota",23169,692,138,813,0,756,2014,3227,28.2,8.1,16227,34.7,19.8,7.4,24.8,50.8,7.7,20064,10076,25724,24252,0,39,394,1039,7.6,8.9,6.8,75.6,25724
"McLeod County, Minnesota",34583,242,51,232,0,568,2014,2692,32.7,10.4,24615,36.3,13.5,5.4,15.4,58.4,8.4,28354,14510,36172,34778,1,161,484,748,6.6,5.4,6,74.3,36172
"McLeod County, Minnesota",34583,242,51,232,0,568,2014,2692,32.7,10.4,24615,36.3,13.5,5.4,15.4,58.4,8.4,28354,14510,36172,34778,1,161,484,748,6.3,5.3,5.8,75.5,36172
"McLeod County, Minnesota",34583,242,51,232,0,568,2014,2692,32.7,10.4,24615,36.3,13.5,5.4,15.4,58.4,8.4,28317,14727,36172,34778,1,161,484,748,6.6,5.4,6,74.3,36172
"McLeod County, Minnesota",34583,242,51,232,0,568,2014,2692,32.7,10.4,24615,36.3,13.5,5.4,15.4,58.4,8.4,28317,14727,36172,34778,1,161,484,748,6.3,5.3,5.8,75.5,36172
"Mahnomen County, Minnesota",2691,33,2254,23,4,40,2014,425,39.8,3.3,3398,37.4,10.1,2.9,45.7,46.6,10.7,3986,1994,5486,5452,1,5,18,10,7.3,5.7,5.7,70.8,5486
"Mahnomen County, Minnesota",2691,33,2254,23,4,40,2014,425,39.8,3.3,3398,37.4,10.1,2.9,45.7,46.6,10.7,3986,1994,5486,5452,1,5,18,10,6,6,5,69.7,5486
"Mahnomen County, Minnesota",2691,33,2254,23,4,40,2014,425,39.8,3.3,3398,37.4,10.1,2.9,45.7,46.6,10.7,3969,2018,5486,5452,1,5,18,10,7.3,5.7,5.7,70.8,5486
"Mahnomen County, Minnesota",2691,33,2254,23,4,40,2014,425,39.8,3.3,3398,37.4,10.1,2.9,45.7,46.6,10.7,3969,2018,5486,5452,1,5,18,10,6,6,5,69.7,5486
"Marshall County, Minnesota",9223,32,43,15,0,35,2014,618,31.9,4.5,6649,38.7,14.3,3.6,16.7,60.6,9.3,7648,4141,9447,9266,2,30,56,93,6.8,4.1,4.9,76.7,9447
"Marshall County, Minnesota",9223,32,43,15,0,35,2014,618,31.9,4.5,6649,38.7,14.3,3.6,16.7,60.6,9.3,7648,4141,9447,9266,2,30,56,93,6.2,4.4,5.2,76.9,9447
"Marshall County, Minnesota",9223,32,43,15,0,35,2014,618,31.9,4.5,6649,38.7,14.3,3.6,16.7,60.6,9.3,7521,4072,9447,9266,2,30,56,93,6.8,4.1,4.9,76.7,9447
"Marshall County, Minnesota",9223,32,43,15,0,35,2014,618,31.9,4.5,6649,38.7,14.3,3.6,16.7,60.6,9.3,7521,4072,9447,9266,2,30,56,93,6.2,4.4,5.2,76.9,9447
"Martin County, Minnesota",20038,75,36,106,0,36,2014,1384,27,5.4,14666,38,14,4,19.6,56.1,9.9,16673,8982,20515,20044,0,49,108,314,6.3,4.6,4.6,77.1,20515
"Martin County, Minnesota",20038,75,36,106,0,36,2014,1384,27,5.4,14666,38,14,4,19.6,56.1,9.9,16673,8982,20515,20044,0,49,108,314,6,4.5,5,78.2,20515
"Martin County, Minnesota",20038,75,36,106,0,36,2014,1384,27,5.4,14666,38,14,4,19.6,56.1,9.9,16570,8780,20515,20044,0,49,108,314,6.3,4.6,4.6,77.1,20515
"Martin County, Minnesota",20038,75,36,106,0,36,2014,1384,27,5.4,14666,38,14,4,19.6,56.1,9.9,16570,8780,20515,20044,0,49,108,314,6,4.5,5,78.2,20515
"Meeker County, Minnesota",22554,101,75,86,9,84,2014,1592,36.9,4.5,15801,39,13.3,4.7,21.8,62,8.9,18039,9394,23147,22555,1,47,147,397,6.6,5,5.2,74.5,23147
"Meeker County, Minnesota",22554,101,75,86,9,84,2014,1592,36.9,4.5,15801,39,13.3,4.7,21.8,62,8.9,18039,9394,23147,22555,1,47,147,397,6.4,4.7,5.2,75.1,23147
"Meeker County, Minnesota",22554,101,75,86,9,84,2014,1592,36.9,4.5,15801,39,13.3,4.7,21.8,62,8.9,18089,9279,23147,22555,1,47,147,397,6.6,5,5.2,74.5,23147
"Meeker County, Minnesota",22554,101,75,86,9,84,2014,1592,36.9,4.5,15801,39,13.3,4.7,21.8,62,8.9,18089,9279,23147,22555,1,47,147,397,6.4,4.7,5.2,75.1,23147
"Mille Lacs County, Minnesota",23601,169,1399,115,0,75,2014,1871,35.6,8.9,17606,36.5,11.1,4.3,24.3,52.4,12.8,20164,10538,25891,25453,2,160,208,68,7.2,5,6.3,74.2,25891
"Mille Lacs County, Minnesota",23601,169,1399,115,0,75,2014,1871,35.6,8.9,17606,36.5,11.1,4.3,24.3,52.4,12.8,20164,10538,25891,25453,2,160,208,68,6.4,5.1,5.8,75.2,25891
"Mille Lacs County, Minnesota",23601,169,1399,115,0,75,2014,1871,35.6,8.9,17606,36.5,11.1,4.3,24.3,52.4,12.8,20094,10249,25891,25453,2,160,208,68,7.2,5,6.3,74.2,25891
"Mille Lacs County, Minnesota",23601,169,1399,115,0,75,2014,1871,35.6,8.9,17606,36.5,11.1,4.3,24.3,52.4,12.8,20094,10249,25891,25453,2,160,208,68,6.4,5.1,5.8,75.2,25891
"Morrison County, Minnesota",32167,123,59,161,0,100,2014,2435,37.5,4.4,22675,39.1,11.4,5,24,57.1,9.5,25879,13496,33054,32664,3,71,151,165,7,5.4,6,75.1,33054
"Morrison County, Minnesota",32167,123,59,161,0,100,2014,2435,37.5,4.4,22675,39.1,11.4,5,24,57.1,9.5,25879,13496,33054,32664,3,71,151,165,6.5,5.1,5.5,76,33054
"Morrison County, Minnesota",32167,123,59,161,0,100,2014,2435,37.5,4.4,22675,39.1,11.4,5,24,57.1,9.5,26034,13494,33054,32664,3,71,151,165,7,5.4,6,75.1,33054
"Morrison County, Minnesota",32167,123,59,161,0,100,2014,2435,37.5,4.4,22675,39.1,11.4,5,24,57.1,9.5,26034,13494,33054,32664,3,71,151,165,6.5,5.1,5.5,76,33054
"Mower County, Minnesota",36293,986,64,749,44,462,2014,3345,26,3.6,26085,32.9,13.2,4.7,36.6,53.3,10.5,30113,16018,39312,36307,13,190,950,1852,6.7,5.9,5.8,75,39312
"Mower County, Minnesota",36293,986,64,749,44,462,2014,3345,26,3.6,26085,32.9,13.2,4.7,36.6,53.3,10.5,30113,16018,39312,36307,13,190,950,1852,6.7,6,5.4,74.9,39312
"Mower County, Minnesota",36293,986,64,749,44,462,2014,3345,26,3.6,26085,32.9,13.2,4.7,36.6,53.3,10.5,30605,15511,39312,36307,13,190,950,1852,6.7,5.9,5.8,75,39312
"Mower County, Minnesota",36293,986,64,749,44,462,2014,3345,26,3.6,26085,32.9,13.2,4.7,36.6,53.3,10.5,30605,15511,39312,36307,13,190,950,1852,6.7,6,5.4,74.9,39312
"Murray County, Minnesota",8327,28,15,49,32,37,2014,531,33,7,6207,37.8,12.6,4.6,21.6,61.7,9.3,7121,3831,8586,8359,8,25,52,142,6.1,3.9,3.9,78.2,8586
"Murray County, Minnesota",8327,28,15,49,32,37,2014,531,33,7,6207,37.8,12.6,4.6,21.6,61.7,9.3,7121,3831,8586,8359,8,25,52,142,6.2,3.9,4.4,78.5,8586
"Murray County, Minnesota",8327,28,15,49,32,37,2014,531,33,7,6207,37.8,12.6,4.6,21.6,61.7,9.3,6992,3768,8586,8359,8,25,52,142,6.1,3.9,3.9,78.2,8586
"Murray County, Minnesota",8327,28,15,49,32,37,2014,531,33,7,6207,37.8,12.6,4.6,21.6,61.7,9.3,6992,3768,8586,8359,8,25,52,142,6.2,3.9,4.4,78.5,8586
"Nicollet County, Minnesota",30915,817,82,333,0,306,2014,4513,15.1,6,21074,26.8,22,10.3,28.4,50.7,9,25730,12150,32923,31676,0,193,427,627,8.9,11.3,6.6,77.4,32923
"Nicollet County, Minnesota",30915,817,82,333,0,306,2014,4513,15.1,6,21074,26.8,22,10.3,28.4,50.7,9,25730,12150,32923,31676,0,193,427,627,8.3,9,7.4,77.7,32923
"Nicollet County, Minnesota",30915,817,82,333,0,306,2014,4513,15.1,6,21074,26.8,22,10.3,28.4,50.7,9,26322,12410,32923,31676,0,193,427,627,8.9,11.3,6.6,77.4,32923
"Nicollet County, Minnesota",30915,817,82,333,0,306,2014,4513,15.1,6,21074,26.8,22,10.3,28.4,50.7,9,26322,12410,32923,31676,0,193,427,627,8.3,9,7.4,77.7,32923
"Nobles County, Minnesota",17811,860,53,1164,5,1316,2014,2035,26.4,3.7,13941,33.6,10.6,3.8,19.8,54.1,7.1,16302,8065,21589,17368,7,147,1054,3013,7.9,6,6.9,74.4,21589
"Nobles County, Minnesota",17811,860,53,1164,5,1316,2014,2035,26.4,3.7,13941,33.6,10.6,3.8,19.8,54.1,7.1,16302,8065,21589,17368,7,147,1054,3013,7.8,5.9,6.3,74,21589
"Nobles County, Minnesota",17811,860,53,1164,5,1316,2014,2035,26.4,3.7,13941,33.6,10.6,3.8,19.8,54.1,7.1,16551,7838,21589,17368,7,147,1054,3013,7.9,6,6.9,74.4,21589
"Nobles County, Minnesota",17811,860,53,1164,5,1316,2014,2035,26.4,3.7,13941,33.6,10.6,3.8,19.8,54.1,7.1,16551,7838,21589,17368,7,147,1054,3013,7.8,5.9,6.3,74,21589
"Norman County, Minnesota",6292,29,125,34,12,51,2014,432,31.3,6.3,4734,39.3,12.3,2.4,21.5,55.4,10.8,5413,2889,6725,6605,3,30,54,33,6.6,3.6,4.6,75.8,6725
"Norman County, Minnesota",6292,29,125,34,12,51,2014,432,31.3,6.3,4734,39.3,12.3,2.4,21.5,55.4,10.8,5413,2889,6725,6605,3,30,54,33,7.1,4.2,4.1,76.8,6725
"Norman County, Minnesota",6292,29,125,34,12,51,2014,432,31.3,6.3,4734,39.3,12.3,2.4,21.5,55.4,10.8,5388,2776,6725,6605,3,30,54,33,6.6,3.6,4.6,75.8,6725
"Norman County, Minnesota",6292,29,125,34,12,51,2014,432,31.3,6.3,4734,39.3,12.3,2.4,21.5,55.4,10.8,5388,2776,6725,6605,3,30,54,33,7.1,4.2,4.1,76.8,6725
"Olmsted County, Minnesota",126696,7494,192,8271,10,1087,2014,11155,24.6,17.1,99495,21.6,23.9,16.3,25.7,55.6,9.4,109314,56066,147431,131424,297,1147,7235,7328,6.4,6.1,7.7,74.6,147431
"Olmsted County, Minnesota",126696,7494,192,8271,10,1087,2014,11155,24.6,17.1,99495,21.6,23.9,16.3,25.7,55.6,9.4,109314,56066,147431,131424,297,1147,7235,7328,6.1,5.4,7.6,75.1,147431
"Olmsted County, Minnesota",126696,7494,192,8271,10,1087,2014,11155,24.6,17.1,99495,21.6,23.9,16.3,25.7,55.6,9.4,114388,57799,147431,131424,297,1147,7235,7328,6.4,6.1,7.7,74.6,147431
"Olmsted County, Minnesota",126696,7494,192,8271,10,1087,2014,11155,24.6,17.1,99495,21.6,23.9,16.3,25.7,55.6,9.4,114388,57799,147431,131424,297,1147,7235,7328,6.1,5.4,7.6,75.1,147431
"Otter Tail County, Minnesota",55104,625,231,321,8,384,2014,3931,30.1,9.7,41180,31,16.6,7,22.6,61.1,9,46591,24691,57417,55663,56,308,456,934,6.6,4.7,4.8,77.9,57417
"Otter Tail County, Minnesota",55104,625,231,321,8,384,2014,3931,30.1,9.7,41180,31,16.6,7,22.6,61.1,9,46591,24691,57417,55663,56,308,456,934,6,4.7,4.7,78.6,57417
"Otter Tail County, Minnesota",55104,625,231,321,8,384,2014,3931,30.1,9.7,41180,31,16.6,7,22.6,61.1,9,46636,24163,57417,55663,56,308,456,934,6.6,4.7,4.8,77.9,57417
"Otter Tail County, Minnesota",55104,625,231,321,8,384,2014,3931,30.1,9.7,41180,31,16.6,7,22.6,61.1,9,46636,24163,57417,55663,56,308,456,934,6,4.7,4.7,78.6,57417
"Pennington County, Minnesota",13176,217,165,77,57,36,2014,1244,29.3,5.2,9495,33.5,11.7,5,20.1,50.2,10.5,10984,5720,14041,13624,27,54,148,188,6.4,6.4,6.7,76.2,14041
"Pennington County, Minnesota",13176,217,165,77,57,36,2014,1244,29.3,5.2,9495,33.5,11.7,5,20.1,50.2,10.5,10984,5720,14041,13624,27,54,148,188,6.4,6.4,6.9,76.5,14041
"Pennington County, Minnesota",13176,217,165,77,57,36,2014,1244,29.3,5.2,9495,33.5,11.7,5,20.1,50.2,10.5,11055,5822,14041,13624,27,54,148,188,6.4,6.4,6.7,76.2,14041
"Pennington County, Minnesota",13176,217,165,77,57,36,2014,1244,29.3,5.2,9495,33.5,11.7,5,20.1,50.2,10.5,11055,5822,14041,13624,27,54,148,188,6.4,6.4,6.9,76.5,14041
"Pine County, Minnesota",26878,663,754,182,12,180,2014,2030,40.3,3.6,21075,43.1,8.5,4,19.2,52.6,13.6,23468,11600,29347,28582,60,123,324,258,6.5,4.9,6.1,77,29347
"Pine County, Minnesota",26878,663,754,182,12,180,2014,2030,40.3,3.6,21075,43.1,8.5,4,19.2,52.6,13.6,23468,11600,29347,28582,60,123,324,258,5.6,5,5.7,78.7,29347
"Pine County, Minnesota",26878,663,754,182,12,180,2014,2030,40.3,3.6,21075,43.1,8.5,4,19.2,52.6,13.6,23916,11616,29347,28582,60,123,324,258,6.5,4.9,6.1,77,29347
"Pine County, Minnesota",26878,663,754,182,12,180,2014,2030,40.3,3.6,21075,43.1,8.5,4,19.2,52.6,13.6,23916,11616,29347,28582,60,123,324,258,5.6,5,5.7,78.7,29347
"Pipestone County, Minnesota",8808,97,103,94,12,140,2014,656,29.4,2.4,6439,34.9,12.7,5.3,24.6,59.2,9.5,7399,3926,9407,9101,7,23,122,154,6.6,4.5,4.7,74.8,9407
"Pipestone County, Minnesota",8808,97,103,94,12,140,2014,656,29.4,2.4,6439,34.9,12.7,5.3,24.6,59.2,9.5,7399,3926,9407,9101,7,23,122,154,6.4,4.8,5.1,75.4,9407
"Pipestone County, Minnesota",8808,97,103,94,12,140,2014,656,29.4,2.4,6439,34.9,12.7,5.3,24.6,59.2,9.5,7366,3998,9407,9101,7,23,122,154,6.6,4.5,4.7,74.8,9407
"Pipestone County, Minnesota",8808,97,103,94,12,140,2014,656,29.4,2.4,6439,34.9,12.7,5.3,24.6,59.2,9.5,7366,3998,9407,9101,7,23,122,154,6.4,4.8,5.1,75.4,9407
"Polk County, Minnesota",29286,358,291,235,14,636,2014,3125,24.8,3.9,21062,31.3,15.1,6.2,20.7,53.2,9.8,24912,12509,31630,30609,80,151,300,490,7.7,7.3,5.5,76.4,31630
"Polk County, Minnesota",29286,358,291,235,14,636,2014,3125,24.8,3.9,21062,31.3,15.1,6.2,20.7,53.2,9.8,24912,12509,31630,30609,80,151,300,490,7.1,6.9,6.2,76.5,31630
"Polk County, Minnesota",29286,358,291,235,14,636,2014,3125,24.8,3.9,21062,31.3,15.1,6.2,20.7,53.2,9.8,25028,12642,31630,30609,80,151,300,490,7.7,7.3,5.5,76.4,31630
"Polk County, Minnesota",29286,358,291,235,14,636,2014,3125,24.8,3.9,21062,31.3,15.1,6.2,20.7,53.2,9.8,25028,12642,31630,30609,80,151,300,490,7.1,6.9,6.2,76.5,31630
"Pope County, Minnesota",10722,55,47,33,0,16,2014,683,34.4,4.7,7925,34,15.4,5.2,13.8,61.7,8.8,9068,4824,10946,10807,17,38,71,13,6,4.9,5.2,79,10946
"Pope County, Minnesota",10722,55,47,33,0,16,2014,683,34.4,4.7,7925,34,15.4,5.2,13.8,61.7,8.8,9068,4824,10946,10807,17,38,71,13,5.7,4.4,5.3,78.6,10946
"Pope County, Minnesota",10722,55,47,33,0,16,2014,683,34.4,4.7,7925,34,15.4,5.2,13.8,61.7,8.8,8903,4772,10946,10807,17,38,71,13,6,4.9,5.2,79,10946
"Pope County, Minnesota",10722,55,47,33,0,16,2014,683,34.4,4.7,7925,34,15.4,5.2,13.8,61.7,8.8,8903,4772,10946,10807,17,38,71,13,5.7,4.4,5.3,78.6,10946
"Ramsey County, Minnesota",364112,57758,3338,66564,151,9346,2014,59318,24.6,15.1,340533,22.6,24.1,15.7,36.6,44.1,10.3,399917,203382,521265,441062,654,3515,35712,40322,7.6,8.7,8.3,76.5,521265
"Ramsey County, Minnesota",364112,57758,3338,66564,151,9346,2014,59318,24.6,15.1,340533,22.6,24.1,15.7,36.6,44.1,10.3,399917,203382,521265,441062,654,3515,35712,40322,6.9,8.2,8.6,76.7,521265
"Ramsey County, Minnesota",364112,57758,3338,66564,151,9346,2014,59318,24.6,15.1,340533,22.6,24.1,15.7,36.6,44.1,10.3,413165,206156,521265,441062,654,3515,35712,40322,7.6,8.7,8.3,76.5,521265
"Ramsey County, Minnesota",364112,57758,3338,66564,151,9346,2014,59318,24.6,15.1,340533,22.6,24.1,15.7,36.6,44.1,10.3,413165,206156,521265,441062,654,3515,35712,40322,6.9,8.2,8.6,76.7,521265
"Red Lake County, Minnesota",3888,36,53,11,0,23,2014,239,39.7,5.9,2830,40.6,12.9,3.2,25,57.8,8.9,3255,1751,4071,4006,0,13,19,33,6.3,4.4,6.4,76.5,4071
"Red Lake County, Minnesota",3888,36,53,11,0,23,2014,239,39.7,5.9,2830,40.6,12.9,3.2,25,57.8,8.9,3255,1751,4071,4006,0,13,19,33,5.4,4.1,5.1,75.4,4071
"Red Lake County, Minnesota",3888,36,53,11,0,23,2014,239,39.7,5.9,2830,40.6,12.9,3.2,25,57.8,8.9,3171,1721,4071,4006,0,13,19,33,6.3,4.4,6.4,76.5,4071
"Red Lake County, Minnesota",3888,36,53,11,0,23,2014,239,39.7,5.9,2830,40.6,12.9,3.2,25,57.8,8.9,3171,1721,4071,4006,0,13,19,33,5.4,4.1,5.1,75.4,4071
"Redwood County, Minnesota",14117,104,792,545,0,104,2014,1123,37.6,10,10848,38.4,12.7,3.6,25.6,55.8,10.9,12539,6661,15834,15372,41,39,151,231,7,4.6,4.8,75.1,15834
"Redwood County, Minnesota",14117,104,792,545,0,104,2014,1123,37.6,10,10848,38.4,12.7,3.6,25.6,55.8,10.9,12539,6661,15834,15372,41,39,151,231,6.7,4.5,5,75.6,15834
"Redwood County, Minnesota",14117,104,792,545,0,104,2014,1123,37.6,10,10848,38.4,12.7,3.6,25.6,55.8,10.9,12409,6463,15834,15372,41,39,151,231,7,4.6,4.8,75.1,15834
"Redwood County, Minnesota",14117,104,792,545,0,104,2014,1123,37.6,10,10848,38.4,12.7,3.6,25.6,55.8,10.9,12409,6463,15834,15372,41,39,151,231,6.7,4.5,5,75.6,15834
"Renville County, Minnesota",14550,108,134,83,0,339,2014,1100,38.8,9.3,10782,37.7,12.5,3.2,21.4,58,9.5,12735,6539,15326,14898,4,23,162,239,6.7,5,4.5,76.3,15326
"Renville County, Minnesota",14550,108,134,83,0,339,2014,1100,38.8,9.3,10782,37.7,12.5,3.2,21.4,58,9.5,12735,6539,15326,14898,4,23,162,239,6.3,5,4.7,77.5,15326
"Renville County, Minnesota",14550,108,134,83,0,339,2014,1100,38.8,9.3,10782,37.7,12.5,3.2,21.4,58,9.5,12303,6378,15326,14898,4,23,162,239,6.7,5,4.5,76.3,15326
"Renville County, Minnesota",14550,108,134,83,0,339,2014,1100,38.8,9.3,10782,37.7,12.5,3.2,21.4,58,9.5,12303,6378,15326,14898,4,23,162,239,6.3,5,4.7,77.5,15326
"Rice County, Minnesota",58410,2297,289,1335,64,1370,2014,9771,17.8,4,40278,31,17.5,10.1,28.1,50,8.9,49882,22213,64829,60019,78,322,1295,3115,9.4,9.9,5.8,76,64829
"Rice County, Minnesota",58410,2297,289,1335,64,1370,2014,9771,17.8,4,40278,31,17.5,10.1,28.1,50,8.9,49882,22213,64829,60019,78,322,1295,3115,9.1,9.9,5.4,77.2,64829
"Rice County, Minnesota",58410,2297,289,1335,64,1370,2014,9771,17.8,4,40278,31,17.5,10.1,28.1,50,8.9,51740,22498,64829,60019,78,322,1295,3115,9.4,9.9,5.8,76,64829
"Rice County, Minnesota",58410,2297,289,1335,64,1370,2014,9771,17.8,4,40278,31,17.5,10.1,28.1,50,8.9,51740,22498,64829,60019,78,322,1295,3115,9.1,9.9,5.4,77.2,64829
"Rock County, Minnesota",9282,45,106,89,0,21,2014,619,35.2,5.7,6562,41.2,13,5,32.5,58.8,9.4,7444,3885,9587,9392,1,8,63,123,6.7,4.7,5,74.4,9587
"Rock County, Minnesota",9282,45,106,89,0,21,2014,619,35.2,5.7,6562,41.2,13,5,32.5,58.8,9.4,7444,3885,9587,9392,1,8,63,123,6.7,4.1,4.6,74.9,9587
"Rock County, Minnesota",9282,45,106,89,0,21,2014,619,35.2,5.7,6562,41.2,13,5,32.5,58.8,9.4,7476,3933,9587,9392,1,8,63,123,6.7,4.7,5,74.4,9587
"Rock County, Minnesota",9282,45,106,89,0,21,2014,619,35.2,5.7,6562,41.2,13,5,32.5,58.8,9.4,7476,3933,9587,9392,1,8,63,123,6.7,4.1,4.6,74.9,9587
"Roseau County, Minnesota",14618,92,156,412,0,29,2014,1090,43.5,3,10512,38.2,13.7,4.3,12.4,59,10,12148,6331,15545,15019,0,55,252,219,7.5,4.4,4.8,73.1,15545
"Roseau County, Minnesota",14618,92,156,412,0,29,2014,1090,43.5,3,10512,38.2,13.7,4.3,12.4,59,10,12148,6331,15545,15019,0,55,252,219,7.6,4.6,4.6,74.6,15545
"Roseau County, Minnesota",14618,92,156,412,0,29,2014,1090,43.5,3,10512,38.2,13.7,4.3,12.4,59,10,12220,6351,15545,15019,0,55,252,219,7.5,4.4,4.8,73.1,15545
"Roseau County, Minnesota",14618,92,156,412,0,29,2014,1090,43.5,3,10512,38.2,13.7,4.3,12.4,59,10,12220,6351,15545,15019,0,55,252,219,7.6,4.6,4.6,74.6,15545
"St. Louis County, Minnesota",186183,3098,4347,1881,43,382,2014,25559,20.4,9.5,136001,29.7,18.1,8.3,27.1,47.8,11.9,164849,86561,200563,195338,118,898,2556,1653,7.8,9,5.5,80.1,200563
"St. Louis County, Minnesota",186183,3098,4347,1881,43,382,2014,25559,20.4,9.5,136001,29.7,18.1,8.3,27.1,47.8,11.9,164849,86561,200563,195338,118,898,2556,1653,7.1,9,6,80.6,200563
"St. Louis County, Minnesota",186183,3098,4347,1881,43,382,2014,25559,20.4,9.5,136001,29.7,18.1,8.3,27.1,47.8,11.9,166296,85033,200563,195338,118,898,2556,1653,7.8,9,5.5,80.1,200563
"St. Louis County, Minnesota",186183,3098,4347,1881,43,382,2014,25559,20.4,9.5,136001,29.7,18.1,8.3,27.1,47.8,11.9,166296,85033,200563,195338,118,898,2556,1653,7.1,9,6,80.6,200563
"Scott County, Minnesota",116503,3938,995,7801,166,2008,2014,9416,30,14,85951,23.7,28,10.3,21.1,61.2,8.9,91854,43814,135129,122542,74,817,6051,5645,6.7,4.5,6.4,69.6,135129
"Scott County, Minnesota",116503,3938,995,7801,166,2008,2014,9416,30,14,85951,23.7,28,10.3,21.1,61.2,8.9,91854,43814,135129,122542,74,817,6051,5645,7,4.7,5.8,70.6,135129
"Scott County, Minnesota",116503,3938,995,7801,166,2008,2014,9416,30,14,85951,23.7,28,10.3,21.1,61.2,8.9,99801,46214,135129,122542,74,817,6051,5645,6.7,4.5,6.4,69.6,135129
"Scott County, Minnesota",116503,3938,995,7801,166,2008,2014,9416,30,14,85951,23.7,28,10.3,21.1,61.2,8.9,99801,46214,135129,122542,74,817,6051,5645,7,4.7,5.8,70.6,135129
"Sherburne County, Minnesota",84576,1809,484,1032,20,236,2014,7570,34.5,6.6,56954,26.2,18.7,7.5,9.1,58.1,9.4,63815,29224,89770,87128,14,277,1097,1254,7.2,6,6.9,70.4,89770
"Sherburne County, Minnesota",84576,1809,484,1032,20,236,2014,7570,34.5,6.6,56954,26.2,18.7,7.5,9.1,58.1,9.4,63815,29224,89770,87128,14,277,1097,1254,7.3,5.8,6.4,71.9,89770
"Sherburne County, Minnesota",84576,1809,484,1032,20,236,2014,7570,34.5,6.6,56954,26.2,18.7,7.5,9.1,58.1,9.4,67220,30283,89770,87128,14,277,1097,1254,7.2,6,6.9,70.4,89770
"Sherburne County, Minnesota",84576,1809,484,1032,20,236,2014,7570,34.5,6.6,56954,26.2,18.7,7.5,9.1,58.1,9.4,67220,30283,89770,87128,14,277,1097,1254,7.3,5.8,6.4,71.9,89770
"Sibley County, Minnesota",14648,47,25,106,0,122,2014,1061,39.5,8,10265,41.2,12.4,3.4,18.3,58,7.6,11793,6117,15096,14435,0,22,237,402,6.9,4.6,5.3,74.3,15096
"Sibley County, Minnesota",14648,47,25,106,0,122,2014,1061,39.5,8,10265,41.2,12.4,3.4,18.3,58,7.6,11793,6117,15096,14435,0,22,237,402,6.4,4.9,5.2,75,15096
"Sibley County, Minnesota",14648,47,25,106,0,122,2014,1061,39.5,8,10265,41.2,12.4,3.4,18.3,58,7.6,11750,6025,15096,14435,0,22,237,402,6.9,4.6,5.3,74.3,15096
"Sibley County, Minnesota",14648,47,25,106,0,122,2014,1061,39.5,8,10265,41.2,12.4,3.4,18.3,58,7.6,11750,6025,15096,14435,0,22,237,402,6.4,4.9,5.2,75,15096
"Stearns County, Minnesota",138837,5373,583,2958,23,1676,2014,23860,15.1,7.3,93091,30.2,17.4,8.1,22.9,50.2,7.9,117774,56365,151728,143755,92,524,3080,4277,9,11.3,6.8,76.8,151728
"Stearns County, Minnesota",138837,5373,583,2958,23,1676,2014,23860,15.1,7.3,93091,30.2,17.4,8.1,22.9,50.2,7.9,117774,56365,151728,143755,92,524,3080,4277,8.6,10.9,6.5,77.1,151728
"Stearns County, Minnesota",138837,5373,583,2958,23,1676,2014,23860,15.1,7.3,93091,30.2,17.4,8.1,22.9,50.2,7.9,120610,56750,151728,143755,92,524,3080,4277,9,11.3,6.8,76.8,151728
"Stearns County, Minnesota",138837,5373,583,2958,23,1676,2014,23860,15.1,7.3,93091,30.2,17.4,8.1,22.9,50.2,7.9,120610,56750,151728,143755,92,524,3080,4277,8.6,10.9,6.5,77.1,151728
"Steele County, Minnesota",33620,881,30,319,0,952,2014,2703,37.8,9.1,24349,36,18.2,6.6,22,56.3,10.8,27974,14138,36472,34595,0,446,790,641,6.6,5.1,6.2,73.5,36472
"Steele County, Minnesota",33620,881,30,319,0,952,2014,2703,37.8,9.1,24349,36,18.2,6.6,22,56.3,10.8,27974,14138,36472,34595,0,446,790,641,6.5,5.4,5.9,74.2,36472
"Steele County, Minnesota",33620,881,30,319,0,952,2014,2703,37.8,9.1,24349,36,18.2,6.6,22,56.3,10.8,28200,14339,36472,34595,0,446,790,641,6.6,5.1,6.2,73.5,36472
"Steele County, Minnesota",33620,881,30,319,0,952,2014,2703,37.8,9.1,24349,36,18.2,6.6,22,56.3,10.8,28200,14339,36472,34595,0,446,790,641,6.5,5.4,5.9,74.2,36472
"Stevens County, Minnesota",9017,65,146,170,27,124,2014,1962,21.4,3.9,5720,29,17.9,8.4,20.2,51.1,7.8,7993,3725,9748,9320,1,75,145,207,9.7,13.2,5.1,79.5,9748
"Stevens County, Minnesota",9017,65,146,170,27,124,2014,1962,21.4,3.9,5720,29,17.9,8.4,20.2,51.1,7.8,7993,3725,9748,9320,1,75,145,207,10.2,13.3,5.5,78.8,9748
"Stevens County, Minnesota",9017,65,146,170,27,124,2014,1962,21.4,3.9,5720,29,17.9,8.4,20.2,51.1,7.8,7929,3665,9748,9320,1,75,145,207,9.7,13.2,5.1,79.5,9748
"Stevens County, Minnesota",9017,65,146,170,27,124,2014,1962,21.4,3.9,5720,29,17.9,8.4,20.2,51.1,7.8,7929,3665,9748,9320,1,75,145,207,10.2,13.3,5.5,78.8,9748
"Swift County, Minnesota",9265,114,37,29,0,71,2014,723,36.7,8,6836,38.6,12.1,4.5,17.5,57.9,8.5,8038,4190,9602,9375,15,22,48,142,7.2,4.1,5.6,77.6,9602
"Swift County, Minnesota",9265,114,37,29,0,71,2014,723,36.7,8,6836,38.6,12.1,4.5,17.5,57.9,8.5,8038,4190,9602,9375,15,22,48,142,6.2,5.3,4.8,78.7,9602
"Swift County, Minnesota",9265,114,37,29,0,71,2014,723,36.7,8,6836,38.6,12.1,4.5,17.5,57.9,8.5,7823,4230,9602,9375,15,22,48,142,7.2,4.1,5.6,77.6,9602
"Swift County, Minnesota",9265,114,37,29,0,71,2014,723,36.7,8,6836,38.6,12.1,4.5,17.5,57.9,8.5,7823,4230,9602,9375,15,22,48,142,6.2,5.3,4.8,78.7,9602
"Todd County, Minnesota",23310,90,88,85,0,657,2014,1894,26.9,3.9,16703,37.2,10.1,3.8,23.9,58.9,9.6,19504,10065,24588,23624,3,104,283,574,7.5,5.5,5,75.1,24588
"Todd County, Minnesota",23310,90,88,85,0,657,2014,1894,26.9,3.9,16703,37.2,10.1,3.8,23.9,58.9,9.6,19504,10065,24588,23624,3,104,283,574,7.1,5.1,4.9,75.6,24588
"Todd County, Minnesota",23310,90,88,85,0,657,2014,1894,26.9,3.9,16703,37.2,10.1,3.8,23.9,58.9,9.6,19350,9951,24588,23624,3,104,283,574,7.5,5.5,5,75.1,24588
"Todd County, Minnesota",23310,90,88,85,0,657,2014,1894,26.9,3.9,16703,37.2,10.1,3.8,23.9,58.9,9.6,19350,9951,24588,23624,3,104,283,574,7.1,5.1,4.9,75.6,24588
"Traverse County, Minnesota",3218,6,157,0,0,8,2014,198,16.7,14.1,2523,36.3,12.3,4.5,25.5,61.3,8.9,3002,1636,3455,3398,0,9,31,17,6.5,3.6,5.3,78.8,3455
"Traverse County, Minnesota",3218,6,157,0,0,8,2014,198,16.7,14.1,2523,36.3,12.3,4.5,25.5,61.3,8.9,3002,1636,3455,3398,0,9,31,17,6.5,4.1,3.7,78.8,3455
"Traverse County, Minnesota",3218,6,157,0,0,8,2014,198,16.7,14.1,2523,36.3,12.3,4.5,25.5,61.3,8.9,2844,1534,3455,3398,0,9,31,17,6.5,3.6,5.3,78.8,3455
"Traverse County, Minnesota",3218,6,157,0,0,8,2014,198,16.7,14.1,2523,36.3,12.3,4.5,25.5,61.3,8.9,2844,1534,3455,3398,0,9,31,17,6.5,4.1,3.7,78.8,3455
"Wabasha County, Minnesota",20995,91,45,65,0,65,2014,1483,41.2,6.5,15117,39.4,14.7,6,14.9,61.4,9.5,17225,8799,21485,21066,28,84,111,196,6.9,5,5.1,76.2,21485
"Wabasha County, Minnesota",20995,91,45,65,0,65,2014,1483,41.2,6.5,15117,39.4,14.7,6,14.9,61.4,9.5,17225,8799,21485,21066,28,84,111,196,6.3,4.7,5.2,77.3,21485
"Wabasha County, Minnesota",20995,91,45,65,0,65,2014,1483,41.2,6.5,15117,39.4,14.7,6,14.9,61.4,9.5,17177,8929,21485,21066,28,84,111,196,6.9,5,5.1,76.2,21485
"Wabasha County, Minnesota",20995,91,45,65,0,65,2014,1483,41.2,6.5,15117,39.4,14.7,6,14.9,61.4,9.5,17177,8929,21485,21066,28,84,111,196,6.3,4.7,5.2,77.3,21485
"Wadena County, Minnesota",13283,141,136,39,0,11,2014,998,27.2,4.8,9446,38.8,8.9,4,28.8,53.5,12.7,10984,5959,13754,13468,0,120,114,52,7.4,4.6,4.8,76.5,13754
"Wadena County, Minnesota",13283,141,136,39,0,11,2014,998,27.2,4.8,9446,38.8,8.9,4,28.8,53.5,12.7,10984,5959,13754,13468,0,120,114,52,6.4,5,4.8,75.9,13754
"Wadena County, Minnesota",13283,141,136,39,0,11,2014,998,27.2,4.8,9446,38.8,8.9,4,28.8,53.5,12.7,10840,5737,13754,13468,0,120,114,52,7.4,4.6,4.8,76.5,13754
"Wadena County, Minnesota",13283,141,136,39,0,11,2014,998,27.2,4.8,9446,38.8,8.9,4,28.8,53.5,12.7,10840,5737,13754,13468,0,120,114,52,6.4,5,4.8,75.9,13754
"Waseca County, Minnesota",17963,454,115,152,0,105,2014,1294,43.4,4,13266,36,15,4.9,18.8,57.3,8.9,15225,7284,19127,18220,10,130,222,545,6.5,5.1,6.9,76.3,19127
"Waseca County, Minnesota",17963,454,115,152,0,105,2014,1294,43.4,4,13266,36,15,4.9,18.8,57.3,8.9,15225,7284,19127,18220,10,130,222,545,5.8,5,6.5,76.1,19127
"Waseca County, Minnesota",17963,454,115,152,0,105,2014,1294,43.4,4,13266,36,15,4.9,18.8,57.3,8.9,15101,7405,19127,18220,10,130,222,545,6.5,5.1,6.9,76.3,19127
"Waseca County, Minnesota",17963,454,115,152,0,105,2014,1294,43.4,4,13266,36,15,4.9,18.8,57.3,8.9,15101,7405,19127,18220,10,130,222,545,5.8,5,6.5,76.1,19127
"Washington County, Minnesota",213514,9044,870,12576,110,1788,2014,18461,27.5,12.5,162638,22.2,27.5,13.8,12.5,58,9.5,176914,86315,244103,227827,71,1286,9633,5286,7.2,5.2,5.9,72.8,244103
"Washington County, Minnesota",213514,9044,870,12576,110,1788,2014,18461,27.5,12.5,162638,22.2,27.5,13.8,12.5,58,9.5,176914,86315,244103,227827,71,1286,9633,5286,7.1,5.2,5.8,74.2,244103
"Washington County, Minnesota",213514,9044,870,12576,110,1788,2014,18461,27.5,12.5,162638,22.2,27.5,13.8,12.5,58,9.5,188788,89898,244103,227827,71,1286,9633,5286,7.2,5.2,5.9,72.8,244103
"Washington County, Minnesota",213514,9044,870,12576,110,1788,2014,18461,27.5,12.5,162638,22.2,27.5,13.8,12.5,58,9.5,188788,89898,244103,227827,71,1286,9633,5286,7.1,5.2,5.8,74.2,244103
"Watonwan County, Minnesota",10425,83,49,82,22,336,2014,849,36.3,5.2,7546,37.7,13.1,3.6,17.4,56.5,8.2,8756,4399,11151,9803,0,139,199,1010,7.1,5.1,5.6,75.1,11151
"Watonwan County, Minnesota",10425,83,49,82,22,336,2014,849,36.3,5.2,7546,37.7,13.1,3.6,17.4,56.5,8.2,8756,4399,11151,9803,0,139,199,1010,6.5,5.4,5.3,75.3,11151
"Watonwan County, Minnesota",10425,83,49,82,22,336,2014,849,36.3,5.2,7546,37.7,13.1,3.6,17.4,56.5,8.2,8651,4499,11151,9803,0,139,199,1010,7.1,5.1,5.6,75.1,11151
"Watonwan County, Minnesota",10425,83,49,82,22,336,2014,849,36.3,5.2,7546,37.7,13.1,3.6,17.4,56.5,8.2,8651,4499,11151,9803,0,139,199,1010,6.5,5.4,5.3,75.3,11151
"Wilkin County, Minnesota",6370,24,62,10,0,4,2014,433,28.4,5.5,4582,31,12.6,3.8,33.2,58.4,11.2,5235,2779,6561,6519,2,18,16,6,7.1,4.6,4.6,76,6561
"Wilkin County, Minnesota",6370,24,62,10,0,4,2014,433,28.4,5.5,4582,31,12.6,3.8,33.2,58.4,11.2,5235,2779,6561,6519,2,18,16,6,6.5,4.4,4.6,76.4,6561
"Wilkin County, Minnesota",6370,24,62,10,0,4,2014,433,28.4,5.5,4582,31,12.6,3.8,33.2,58.4,11.2,5177,2763,6561,6519,2,18,16,6,7.1,4.6,4.6,76,6561
"Wilkin County, Minnesota",6370,24,62,10,0,4,2014,433,28.4,5.5,4582,31,12.6,3.8,33.2,58.4,11.2,5177,2763,6561,6519,2,18,16,6,6.5,4.4,4.6,76.4,6561
"Winona County, Minnesota",48280,683,182,1268,24,381,2014,10765,27.8,7.2,30962,30.1,17.8,9.7,17.8,45.5,7.1,42298,19414,51285,49127,9,205,847,1097,10.7,14.4,6.1,80.1,51285
"Winona County, Minnesota",48280,683,182,1268,24,381,2014,10765,27.8,7.2,30962,30.1,17.8,9.7,17.8,45.5,7.1,42298,19414,51285,49127,9,205,847,1097,9.9,14.4,6,81.4,51285
"Winona County, Minnesota",48280,683,182,1268,24,381,2014,10765,27.8,7.2,30962,30.1,17.8,9.7,17.8,45.5,7.1,42855,19081,51285,49127,9,205,847,1097,10.7,14.4,6.1,80.1,51285
"Winona County, Minnesota",48280,683,182,1268,24,381,2014,10765,27.8,7.2,30962,30.1,17.8,9.7,17.8,45.5,7.1,42855,19081,51285,49127,9,205,847,1097,9.9,14.4,6,81.4,51285
"Wright County, Minnesota",120515,1330,535,1401,3,1418,2014,8819,30.5,9.2,81273,29.5,20.4,7,12.9,60.4,8.9,88182,44413,127386,123560,32,351,2146,1297,6.9,4.7,6.8,69.9,127386
"Wright County, Minnesota",120515,1330,535,1401,3,1418,2014,8819,30.5,9.2,81273,29.5,20.4,7,12.9,60.4,8.9,88182,44413,127386,123560,32,351,2146,1297,6.9,4.6,6,70.7,127386
"Wright County, Minnesota",120515,1330,535,1401,3,1418,2014,8819,30.5,9.2,81273,29.5,20.4,7,12.9,60.4,8.9,93690,45064,127386,123560,32,351,2146,1297,6.9,4.7,6.8,69.9,127386
"Wright County, Minnesota",120515,1330,535,1401,3,1418,2014,8819,30.5,9.2,81273,29.5,20.4,7,12.9,60.4,8.9,93690,45064,127386,123560,32,351,2146,1297,6.9,4.6,6,70.7,127386
"Yellow Medicine County, Minnesota",9534,28,340,44,0,104,2014,731,38.3,4.2,7098,38.9,13.1,4.2,31.6,58.7,8.1,8374,4213,10233,10043,5,16,82,87,7.5,5.4,4.8,76.4,10233
"Yellow Medicine County, Minnesota",9534,28,340,44,0,104,2014,731,38.3,4.2,7098,38.9,13.1,4.2,31.6,58.7,8.1,8374,4213,10233,10043,5,16,82,87,6.7,5,5.6,76.5,10233
"Yellow Medicine County, Minnesota",9534,28,340,44,0,104,2014,731,38.3,4.2,7098,38.9,13.1,4.2,31.6,58.7,8.1,8176,4193,10233,10043,5,16,82,87,7.5,5.4,4.8,76.4,10233
"Yellow Medicine County, Minnesota",9534,28,340,44,0,104,2014,731,38.3,4.2,7098,38.9,13.1,4.2,31.6,58.7,8.1,8176,4193,10233,10043,5,16,82,87,6.7,5,5.6,76.5,10233
"Aitkin County, Minnesota",15225,68,346,53,1,21,2010,841,48.2,6.3,12533,39.8,10.4,4,23.7,63.8,12,NA,NA,16325,16056,6,85,111,67,5.3,3.4,3.9,81.9,16325
"Aitkin County, Minnesota",15225,68,346,53,1,21,2010,841,48.2,6.3,12533,39.8,10.4,4,23.7,63.8,12,NA,NA,16325,16056,6,85,111,67,4.9,3.4,3.8,82.4,16325
"Anoka County, Minnesota",289757,15995,2037,13369,72,5579,2010,26772,34.5,9.8,213702,30.5,18.5,7.2,15.9,56.6,9.7,NA,NA,327544,302964,302,1551,11358,11369,7.3,5.7,6.6,73.4,327544
"Anoka County, Minnesota",289757,15995,2037,13369,72,5579,2010,26772,34.5,9.8,213702,30.5,18.5,7.2,15.9,56.6,9.7,NA,NA,327544,302964,302,1551,11358,11369,6.8,5.8,6.4,74.9,327544
"Becker County, Minnesota",29021,147,2406,144,7,97,2010,2336,34.4,2.8,22020,33.5,14.8,6.4,25.4,58.5,10.6,NA,NA,32274,31736,25,105,301,107,6.5,4.9,5.2,75.5,32274
"Becker County, Minnesota",29021,147,2406,144,7,97,2010,2336,34.4,2.8,22020,33.5,14.8,6.4,25.4,58.5,10.6,NA,NA,32274,31736,25,105,301,107,6.1,4.8,5.2,75.4,32274
"Beltrami County, Minnesota",33650,386,9109,415,49,118,2010,6308,32.1,7,26354,27.9,18.4,10.7,31.5,49.8,9,NA,NA,43781,42392,8,241,436,704,8.5,10.3,6.7,74.6,43781
"Beltrami County, Minnesota",33650,386,9109,415,49,118,2010,6308,32.1,7,26354,27.9,18.4,10.7,31.5,49.8,9,NA,NA,43781,42392,8,241,436,704,8.4,10.3,6.3,74.8,43781
"Benton County, Minnesota",36841,954,195,438,0,42,2010,4181,30.5,10.3,24392,34.4,13.7,5.9,16,54,8,NA,NA,38148,37442,24,86,352,244,6.4,8.4,9,74.9,38148
"Benton County, Minnesota",36841,954,195,438,0,42,2010,4181,30.5,10.3,24392,34.4,13.7,5.9,16,54,8,NA,NA,38148,37442,24,86,352,244,5.8,7,8.3,75.3,38148
"Big Stone County, Minnesota",5084,14,13,2,0,7,2010,335,30.4,9.6,3867,40.5,11.7,4.3,16.2,61.7,6.4,NA,NA,5324,5279,7,11,9,18,6.5,4.1,4.2,78.9,5324
"Big Stone County, Minnesota",5084,14,13,2,0,7,2010,335,30.4,9.6,3867,40.5,11.7,4.3,16.2,61.7,6.4,NA,NA,5324,5279,7,11,9,18,5.3,4.4,4.2,79.4,5324
"Blue Earth County, Minnesota",59808,1970,234,1299,15,267,2010,14788,19.4,8.8,35774,28.8,20.5,9.5,28.9,43.8,7.5,NA,NA,62719,59951,31,233,1078,1426,9.6,17.2,7.5,80.6,62719
"Blue Earth County, Minnesota",59808,1970,234,1299,15,267,2010,14788,19.4,8.8,35774,28.8,20.5,9.5,28.9,43.8,7.5,NA,NA,62719,59951,31,233,1078,1426,8.9,15.9,8.2,80.5,62719
"Brown County, Minnesota",24882,99,29,99,16,193,2010,2519,21.5,4.8,17669,39.4,13.2,5.3,17,56,9.5,NA,NA,26030,25501,0,110,180,239,7.4,6.6,5.1,77.6,26030
"Brown County, Minnesota",24882,99,29,99,16,193,2010,2519,21.5,4.8,17669,39.4,13.2,5.3,17,56,9.5,NA,NA,26030,25501,0,110,180,239,6.8,6.6,5.3,78.3,26030
"Carlton County, Minnesota",31760,467,1933,232,5,92,2010,2623,35.2,5.7,23995,33.7,14.2,7.2,22.2,56.4,10.3,NA,NA,34958,34186,5,140,379,248,6.6,5.2,5.5,76.1,34958
"Carlton County, Minnesota",31760,467,1933,232,5,92,2010,2623,35.2,5.7,23995,33.7,14.2,7.2,22.2,56.4,10.3,NA,NA,34958,34186,5,140,379,248,6.1,5.4,5.7,76.6,34958
"Carver County, Minnesota",87324,1015,163,2485,74,1116,2010,5924,30.1,12.6,55940,22,30.3,12.4,18.9,64.4,7.4,NA,NA,88668,83297,19,334,2496,2522,7,4.6,5.5,69.8,88668
"Carver County, Minnesota",87324,1015,163,2485,74,1116,2010,5924,30.1,12.6,55940,22,30.3,12.4,18.9,64.4,7.4,NA,NA,88668,83297,19,334,2496,2522,7.5,4.6,5.2,71.2,88668
"Cass County, Minnesota",24352,106,2935,131,74,26,2010,1870,35.8,4.6,20447,36.3,14.5,5.7,29.4,62.8,9.5,NA,NA,28648,28222,0,124,176,126,6.3,4.5,4.6,77.9,28648
"Cass County, Minnesota",24352,106,2935,131,74,26,2010,1870,35.8,4.6,20447,36.3,14.5,5.7,29.4,62.8,9.5,NA,NA,28648,28222,0,124,176,126,5.6,4.5,4.5,78.7,28648
"Chippewa County, Minnesota",11493,94,61,68,117,149,2010,902,41.4,5.9,8549,38,11.6,4.2,22.3,53.6,11.5,NA,NA,12426,12016,0,39,101,270,6.9,5.1,5.2,76.1,12426
"Chippewa County, Minnesota",11493,94,61,68,117,149,2010,902,41.4,5.9,8549,38,11.6,4.2,22.3,53.6,11.5,NA,NA,12426,12016,0,39,101,270,6.5,5.3,6,77.1,12426
"Chisago County, Minnesota",51396,613,293,374,7,256,2010,3927,39.9,4.6,35043,35.9,12.1,4.9,17.6,59.4,9.9,NA,NA,52844,51738,19,243,541,303,7,5.1,5.9,73.7,52844
"Chisago County, Minnesota",51396,613,293,374,7,256,2010,3927,39.9,4.6,35043,35.9,12.1,4.9,17.6,59.4,9.9,NA,NA,52844,51738,19,243,541,303,7.2,5.3,5.4,75.5,52844
"Clay County, Minnesota",55694,960,765,690,20,467,2010,10160,27,5.7,33714,28.8,22.2,9.3,19.6,50.8,8.1,NA,NA,57089,54935,20,242,877,1015,10.8,11,6.4,76.9,57089
"Clay County, Minnesota",55694,960,765,690,20,467,2010,10160,27,5.7,33714,28.8,22.2,9.3,19.6,50.8,8.1,NA,NA,57089,54935,20,242,877,1015,9,11.6,7,76.9,57089
"Clearwater County, Minnesota",7590,17,766,41,7,7,2010,617,37.8,1.8,5888,37.1,11.4,3.1,27.8,59.8,8.4,NA,NA,8593,8398,0,54,62,79,6.7,4.8,5.2,75.7,8593
"Clearwater County, Minnesota",7590,17,766,41,7,7,2010,617,37.8,1.8,5888,37.1,11.4,3.1,27.8,59.8,8.4,NA,NA,8593,8398,0,54,62,79,6.2,4.6,5.1,75.3,8593
"Cook County, Minnesota",4534,50,366,44,21,55,2010,222,36.9,35.6,4091,26.6,19.9,13,25.7,65.3,12.9,NA,NA,5211,5070,0,52,48,41,4.2,4.2,5.2,82.8,5211
"Cook County, Minnesota",4534,50,366,44,21,55,2010,222,36.9,35.6,4091,26.6,19.9,13,25.7,65.3,12.9,NA,NA,5211,5070,0,52,48,41,3.7,4.7,4.8,84.1,5211
"Cottonwood County, Minnesota",10657,65,51,257,26,422,2010,715,45.9,4.3,8134,38.6,11.1,4.6,21.2,60.1,8,NA,NA,11712,11185,0,38,178,311,6.3,4.1,5.9,75.6,11712
"Cottonwood County, Minnesota",10657,65,51,257,26,422,2010,715,45.9,4.3,8134,38.6,11.1,4.6,21.2,60.1,8,NA,NA,11712,11185,0,38,178,311,6,5.4,4.5,76.4,11712
"Crow Wing County, Minnesota",60757,480,712,315,0,86,2010,4691,37,5.3,42642,31.1,15.7,6.3,21.8,59.8,10.5,NA,NA,61836,60989,2,175,387,283,6.5,5.2,5.7,76.5,61836
"Crow Wing County, Minnesota",60757,480,712,315,0,86,2010,4691,37,5.3,42642,31.1,15.7,6.3,21.8,59.8,10.5,NA,NA,61836,60989,2,175,387,283,5.8,5.3,5.4,77.4,61836
"Dakota County, Minnesota",342532,20814,1402,18164,235,10740,2010,31406,32.7,11.9,256491,23.2,26.9,11.2,15.4,57.1,10,NA,NA,393380,359076,763,2583,15036,15922,7.1,5.7,6.9,73.2,393380
"Dakota County, Minnesota",342532,20814,1402,18164,235,10740,2010,31406,32.7,11.9,256491,23.2,26.9,11.2,15.4,57.1,10,NA,NA,393380,359076,763,2583,15036,15922,6.8,5.5,6.6,74.4,393380
"Dodge County, Minnesota",19614,107,31,101,0,179,2010,1359,38.3,6.4,12702,32.6,16,5.9,18.7,63.1,8.6,NA,NA,19829,19303,0,56,176,294,7.3,4.6,6.2,70.9,19829
"Dodge County, Minnesota",19614,107,31,101,0,179,2010,1359,38.3,6.4,12702,32.6,16,5.9,18.7,63.1,8.6,NA,NA,19829,19303,0,56,176,294,7.4,5.1,5.3,72.1,19829
"Douglas County, Minnesota",35590,191,100,82,2,61,2010,3125,40.4,5.1,24971,32.2,14.4,6.9,18.3,61.1,9.2,NA,NA,35909,35398,0,129,156,226,6.6,6.1,6,78.2,35909
"Douglas County, Minnesota",35590,191,100,82,2,61,2010,3125,40.4,5.1,24971,32.2,14.4,6.9,18.3,61.1,9.2,NA,NA,35909,35398,0,129,156,226,5.7,5.6,5.7,78.6,35909
"Faribault County, Minnesota",14002,56,49,56,0,50,2010,1054,40.7,4.1,10466,40.5,12,3.4,19.8,57.7,8.8,NA,NA,14819,14558,2,45,68,146,7.2,4.8,4.6,77.7,14819
"Faribault County, Minnesota",14002,56,49,56,0,50,2010,1054,40.7,4.1,10466,40.5,12,3.4,19.8,57.7,8.8,NA,NA,14819,14558,2,45,68,146,6.4,4.5,5,78.6,14819
"Fillmore County, Minnesota",20492,75,33,58,0,35,2010,1479,38.2,4.9,14342,37,13.7,5.6,31.4,60.5,8.7,NA,NA,20978,20616,0,122,119,121,6.9,4.8,5.2,75.4,20978
"Fillmore County, Minnesota",20492,75,33,58,0,35,2010,1479,38.2,4.9,14342,37,13.7,5.6,31.4,60.5,8.7,NA,NA,20978,20616,0,122,119,121,6,4.9,4.9,76,20978
"Freeborn County, Minnesota",29496,297,105,301,12,445,2010,2270,38.6,2.8,22195,38.4,9.8,4.1,19.6,57.7,9.4,NA,NA,31387,30330,0,82,353,622,6.4,4.9,5.3,77.9,31387
"Freeborn County, Minnesota",29496,297,105,301,12,445,2010,2270,38.6,2.8,22195,38.4,9.8,4.1,19.6,57.7,9.4,NA,NA,31387,30330,0,82,353,622,5.7,5.4,5.2,78.1,31387
"Goodhue County, Minnesota",43999,557,514,257,0,233,2010,3437,33.5,5.5,31477,33,16.4,6.3,23.7,59.7,9.8,NA,NA,45930,44804,3,130,325,668,6.8,5.1,5.4,76,45930
"Goodhue County, Minnesota",43999,557,514,257,0,233,2010,3437,33.5,5.5,31477,33,16.4,6.3,23.7,59.7,9.8,NA,NA,45930,44804,3,130,325,668,6.6,5.1,5.4,76.8,45930
"Grant County, Minnesota",5840,6,16,23,0,16,2010,409,28.9,4.6,4362,33.1,13.5,4.6,29.1,59.9,8.3,NA,NA,6082,5962,0,21,55,44,6.1,4.7,5.1,78.4,6082
"Grant County, Minnesota",5840,6,16,23,0,16,2010,409,28.9,4.6,4362,33.1,13.5,4.6,29.1,59.9,8.3,NA,NA,6082,5962,0,21,55,44,5.6,4.5,4.8,78.7,6082
"Hennepin County, Minnesota",886047,141240,8458,77744,484,27761,2010,113372,23.5,18,762723,19.8,29.4,14.7,30.9,47.5,9.6,NA,NA,1136522,984409,1311,7619,56920,86263,6.5,7.4,8.7,77.1,1136522
"Hennepin County, Minnesota",886047,141240,8458,77744,484,27761,2010,113372,23.5,18,762723,19.8,29.4,14.7,30.9,47.5,9.6,NA,NA,1136522,984409,1311,7619,56920,86263,6.1,6.8,8.8,77.6,1136522
"Houston County, Minnesota",18359,46,49,30,0,37,2010,1317,44.4,6.8,13309,36.8,15.2,6.8,17.8,59.6,9.4,NA,NA,19226,18886,3,104,127,106,7.1,4.6,5,76.1,19226
"Houston County, Minnesota",18359,46,49,30,0,37,2010,1317,44.4,6.8,13309,36.8,15.2,6.8,17.8,59.6,9.4,NA,NA,19226,18886,3,104,127,106,6.4,4.8,4.9,78.1,19226
"Hubbard County, Minnesota",19406,131,404,90,10,74,2010,1230,34.6,5.2,14491,33.6,16.2,7.2,21,62.5,10.6,NA,NA,20205,19875,5,80,177,68,6.3,4,4.4,77.8,20205
"Hubbard County, Minnesota",19406,131,404,90,10,74,2010,1230,34.6,5.2,14491,33.6,16.2,7.2,21,62.5,10.6,NA,NA,20205,19875,5,80,177,68,5.9,3.9,4.3,78.6,20205
"Isanti County, Minnesota",36720,235,199,279,6,73,2010,3169,32.8,4.8,24499,38.3,10.9,5.1,15.5,59.2,9.6,NA,NA,37682,37067,4,101,248,262,7,5.9,6.6,73.4,37682
"Isanti County, Minnesota",36720,235,199,279,6,73,2010,3169,32.8,4.8,24499,38.3,10.9,5.1,15.5,59.2,9.6,NA,NA,37682,37067,4,101,248,262,6.8,5.4,6.2,74.8,37682
"Itasca County, Minnesota",42195,188,1406,182,32,157,2010,3183,39.1,9,31798,34,14.7,6.2,22.8,60.8,10.4,NA,NA,44835,44136,0,227,270,202,6.6,4.8,4.9,78,44835
"Itasca County, Minnesota",42195,188,1406,182,32,157,2010,3183,39.1,9,31798,34,14.7,6.2,22.8,60.8,10.4,NA,NA,44835,44136,0,227,270,202,6.1,4.9,4.8,78.5,44835
"Jackson County, Minnesota",9809,14,18,236,2,117,2010,758,31.1,9.5,7286,36.3,13.1,3.1,12.4,63.4,7.8,NA,NA,10403,10095,8,21,142,137,6.9,4.8,4.7,77.3,10403
"Jackson County, Minnesota",9809,14,18,236,2,117,2010,758,31.1,9.5,7286,36.3,13.1,3.1,12.4,63.4,7.8,NA,NA,10403,10095,8,21,142,137,6.1,5,5.4,77.6,10403
"Kanabec County, Minnesota",15597,27,190,67,0,13,2010,1166,40.4,2.3,11256,42.2,10.4,3.4,21,57.7,10.6,NA,NA,16379,16164,0,83,61,71,6.9,4.8,5.1,75.8,16379
"Kanabec County, Minnesota",15597,27,190,67,0,13,2010,1166,40.4,2.3,11256,42.2,10.4,3.4,21,57.7,10.6,NA,NA,16379,16164,0,83,61,71,6.4,4.9,5.1,77.3,16379
"Kandiyohi County, Minnesota",38837,1239,213,193,0,1239,2010,4108,26.8,7.4,27648,32,15.1,5.9,20.8,58.4,7.4,NA,NA,41869,39814,5,89,599,1362,7.6,6.7,5.9,75.8,41869
"Kandiyohi County, Minnesota",38837,1239,213,193,0,1239,2010,4108,26.8,7.4,27648,32,15.1,5.9,20.8,58.4,7.4,NA,NA,41869,39814,5,89,599,1362,6.3,7,5.8,76.3,41869
"Kittson County, Minnesota",4423,20,6,20,0,3,2010,291,36.8,6.9,3348,35.6,16.4,2.7,14.9,57.8,8.6,NA,NA,4620,4454,0,25,108,33,6.4,4.1,3.8,78.8,4620
"Kittson County, Minnesota",4423,20,6,20,0,3,2010,291,36.8,6.9,3348,35.6,16.4,2.7,14.9,57.8,8.6,NA,NA,4620,4454,0,25,108,33,6.3,4.2,3.6,77.9,4620
"Koochiching County, Minnesota",12332,97,427,63,0,1,2010,866,36.6,0.9,9710,39.6,13,3.3,22.4,55.6,12.6,NA,NA,13461,12661,53,177,327,243,6.1,4.4,4.9,78.6,13461
"Koochiching County, Minnesota",12332,97,427,63,0,1,2010,866,36.6,0.9,9710,39.6,13,3.3,22.4,55.6,12.6,NA,NA,13461,12661,53,177,327,243,6.1,4.3,4.7,79.9,13461
"Lac qui Parle County, Minnesota",6885,34,26,62,0,9,2010,441,33.8,10,5358,38.8,12.9,3.3,19.6,64.1,7.9,NA,NA,7343,7238,0,12,31,62,6.3,3.8,4.1,79,7343
"Lac qui Parle County, Minnesota",6885,34,26,62,0,9,2010,441,33.8,10,5358,38.8,12.9,3.3,19.6,64.1,7.9,NA,NA,7343,7238,0,12,31,62,6,3.6,4.2,79.1,7343
"Lake County, Minnesota",10478,11,30,0,0,46,2010,698,34.8,4.7,8167,37.8,14.2,5.9,16.3,60.2,10.7,NA,NA,10900,10609,0,91,138,62,5.5,4.4,4.5,81.3,10900
"Lake County, Minnesota",10478,11,30,0,0,46,2010,698,34.8,4.7,8167,37.8,14.2,5.9,16.3,60.2,10.7,NA,NA,10900,10609,0,91,138,62,4.9,4.2,5.2,81.5,10900
"Lake of the Woods County, Minnesota",3767,35,15,27,0,0,2010,220,27.7,10.5,3042,35.1,14.8,3.8,8.6,65.6,8.1,NA,NA,4147,3960,15,70,91,11,6.7,3.1,4.2,78.7,4147
"Lake of the Woods County, Minnesota",3767,35,15,27,0,0,2010,220,27.7,10.5,3042,35.1,14.8,3.8,8.6,65.6,8.1,NA,NA,4147,3960,15,70,91,11,6.6,4.1,2.5,80.3,4147
"Le Sueur County, Minnesota",26493,162,106,145,0,478,2010,2035,33.9,7.3,18590,36.6,15.4,5.8,16.8,59.2,8.9,NA,NA,27719,26962,26,69,263,399,6.7,4.9,6,74.4,27719
"Le Sueur County, Minnesota",26493,162,106,145,0,478,2010,2035,33.9,7.3,18590,36.6,15.4,5.8,16.8,59.2,8.9,NA,NA,27719,26962,26,69,263,399,6.3,5,5.5,75.3,27719
"Lincoln County, Minnesota",5676,28,8,12,0,71,2010,350,26.9,6,4275,42.2,13.7,4.1,18.1,62.4,6.3,NA,NA,5935,5816,10,15,35,59,5.8,4.2,4.7,77.9,5935
"Lincoln County, Minnesota",5676,28,8,12,0,71,2010,350,26.9,6,4275,42.2,13.7,4.1,18.1,62.4,6.3,NA,NA,5935,5816,10,15,35,59,5.5,4.2,4.5,77.9,5935
"Lyon County, Minnesota",23169,692,138,813,0,756,2010,3426,29.7,8.9,15972,31.3,18.4,7.3,25.3,52.8,5.7,NA,NA,25606,24269,0,84,391,862,8.3,9.4,7,75.8,25606
"Lyon County, Minnesota",23169,692,138,813,0,756,2010,3426,29.7,8.9,15972,31.3,18.4,7.3,25.3,52.8,5.7,NA,NA,25606,24269,0,84,391,862,7.6,8.9,6.8,75.6,25606
"McLeod County, Minnesota",34583,242,51,232,0,568,2010,2806,31.9,8.4,24513,36,13.3,5,9.5,60.5,8.8,NA,NA,36789,35626,0,114,509,540,6.6,5.4,6,74.3,36789
"McLeod County, Minnesota",34583,242,51,232,0,568,2010,2806,31.9,8.4,24513,36,13.3,5,9.5,60.5,8.8,NA,NA,36789,35626,0,114,509,540,6.3,5.3,5.8,75.5,36789
"Mahnomen County, Minnesota",2691,33,2254,23,4,40,2010,428,49.3,0,3368,37.3,9.9,3.7,37.6,48.6,11.6,NA,NA,5359,5293,0,15,28,23,7.3,5.7,5.7,70.8,5359
"Mahnomen County, Minnesota",2691,33,2254,23,4,40,2010,428,49.3,0,3368,37.3,9.9,3.7,37.6,48.6,11.6,NA,NA,5359,5293,0,15,28,23,6,6,5,69.7,5359
"Marshall County, Minnesota",9223,32,43,15,0,35,2010,605,30.9,9.4,6744,38.3,12.8,3.2,15.9,64.4,7.1,NA,NA,9580,9336,0,37,95,112,6.8,4.1,4.9,76.7,9580
"Marshall County, Minnesota",9223,32,43,15,0,35,2010,605,30.9,9.4,6744,38.3,12.8,3.2,15.9,64.4,7.1,NA,NA,9580,9336,0,37,95,112,6.2,4.4,5.2,76.9,9580
"Martin County, Minnesota",20038,75,36,106,0,36,2010,1364,27.2,6.7,14726,35.3,12.6,4.9,13.1,58.5,9.4,NA,NA,20865,20423,0,111,132,199,6.3,4.6,4.6,77.1,20865
"Martin County, Minnesota",20038,75,36,106,0,36,2010,1364,27.2,6.7,14726,35.3,12.6,4.9,13.1,58.5,9.4,NA,NA,20865,20423,0,111,132,199,6,4.5,5,78.2,20865
"Meeker County, Minnesota",22554,101,75,86,9,84,2010,1698,41.9,4.4,15704,39.3,12,3.7,10.7,63.9,8.8,NA,NA,23371,22971,0,44,93,263,6.6,5,5.2,74.5,23371
"Meeker County, Minnesota",22554,101,75,86,9,84,2010,1698,41.9,4.4,15704,39.3,12,3.7,10.7,63.9,8.8,NA,NA,23371,22971,0,44,93,263,6.4,4.7,5.2,75.1,23371
"Mille Lacs County, Minnesota",23601,169,1399,115,0,75,2010,1929,41.2,4,17420,38.8,11.2,3.6,20.8,54.4,10.9,NA,NA,26075,25652,15,46,219,143,7.2,5,6.3,74.2,26075
"Mille Lacs County, Minnesota",23601,169,1399,115,0,75,2010,1929,41.2,4,17420,38.8,11.2,3.6,20.8,54.4,10.9,NA,NA,26075,25652,15,46,219,143,6.4,5.1,5.8,75.2,26075
"Morrison County, Minnesota",32167,123,59,161,0,100,2010,2611,42.7,7.1,22231,39.7,10,4.5,26.6,57.6,9.1,NA,NA,33093,32700,7,47,163,176,7,5.4,6,75.1,33093
"Morrison County, Minnesota",32167,123,59,161,0,100,2010,2611,42.7,7.1,22231,39.7,10,4.5,26.6,57.6,9.1,NA,NA,33093,32700,7,47,163,176,6.5,5.1,5.5,76,33093
"Mower County, Minnesota",36293,986,64,749,44,462,2010,3196,31.8,5.2,25932,34.5,11.6,4.3,31.4,54.3,10.4,NA,NA,38855,36090,6,101,472,2186,6.7,5.9,5.8,75,38855
"Mower County, Minnesota",36293,986,64,749,44,462,2010,3196,31.8,5.2,25932,34.5,11.6,4.3,31.4,54.3,10.4,NA,NA,38855,36090,6,101,472,2186,6.7,6,5.4,74.9,38855
"Murray County, Minnesota",8327,28,15,49,32,37,2010,511,32.3,6.1,6353,38.6,11.4,3.7,17.9,63.5,6.6,NA,NA,8779,8627,6,25,69,52,6.1,3.9,3.9,78.2,8779
"Murray County, Minnesota",8327,28,15,49,32,37,2010,511,32.3,6.1,6353,38.6,11.4,3.7,17.9,63.5,6.6,NA,NA,8779,8627,6,25,69,52,6.2,3.9,4.4,78.5,8779
"Nicollet County, Minnesota",30915,817,82,333,0,306,2010,5266,29.2,6.1,19696,26.6,22.8,10.9,29.3,50.8,7.6,NA,NA,32271,31194,26,110,506,435,8.9,11.3,6.6,77.4,32271
"Nicollet County, Minnesota",30915,817,82,333,0,306,2010,5266,29.2,6.1,19696,26.6,22.8,10.9,29.3,50.8,7.6,NA,NA,32271,31194,26,110,506,435,8.3,9,7.4,77.7,32271
"Nobles County, Minnesota",17811,860,53,1164,5,1316,2010,1964,32.2,3,13679,33.2,11.4,4.6,24.8,55.9,7,NA,NA,21030,17620,106,145,910,2249,7.9,6,6.9,74.4,21030
"Nobles County, Minnesota",17811,860,53,1164,5,1316,2010,1964,32.2,3,13679,33.2,11.4,4.6,24.8,55.9,7,NA,NA,21030,17620,106,145,910,2249,7.8,5.9,6.3,74,21030
"Norman County, Minnesota",6292,29,125,34,12,51,2010,378,35.4,7.1,4826,40.7,12.3,2.5,19,58.5,9.1,NA,NA,6865,6730,7,39,51,38,6.6,3.6,4.6,75.8,6865
"Norman County, Minnesota",6292,29,125,34,12,51,2010,378,35.4,7.1,4826,40.7,12.3,2.5,19,58.5,9.1,NA,NA,6865,6730,7,39,51,38,7.1,4.2,4.1,76.8,6865
"Olmsted County, Minnesota",126696,7494,192,8271,10,1087,2010,11760,27.9,14.5,93614,23.8,23.7,15.5,20.4,58.3,8.4,NA,NA,141244,126922,135,882,6368,6937,6.4,6.1,7.7,74.6,141244
"Olmsted County, Minnesota",126696,7494,192,8271,10,1087,2010,11760,27.9,14.5,93614,23.8,23.7,15.5,20.4,58.3,8.4,NA,NA,141244,126922,135,882,6368,6937,6.1,5.4,7.6,75.1,141244
"Otter Tail County, Minnesota",55104,625,231,321,8,384,2010,4038,35.9,7.8,40774,34.7,14.5,5.2,25.6,61.1,8.5,NA,NA,57539,55755,47,210,485,1042,6.6,4.7,4.8,77.9,57539
"Otter Tail County, Minnesota",55104,625,231,321,8,384,2010,4038,35.9,7.8,40774,34.7,14.5,5.2,25.6,61.1,8.5,NA,NA,57539,55755,47,210,485,1042,6,4.7,4.7,78.6,57539
"Pennington County, Minnesota",13176,217,165,77,57,36,2010,1242,38.1,1.2,9318,35.8,10.1,5.3,22.6,53.2,11.5,NA,NA,13862,13544,26,35,181,76,6.4,6.4,6.7,76.2,13862
"Pennington County, Minnesota",13176,217,165,77,57,36,2010,1242,38.1,1.2,9318,35.8,10.1,5.3,22.6,53.2,11.5,NA,NA,13862,13544,26,35,181,76,6.4,6.4,6.9,76.5,13862
"Pine County, Minnesota",26878,663,754,182,12,180,2010,2075,41.3,4.9,20587,41.5,8.8,4.1,22.6,52.8,12.4,NA,NA,29413,28834,12,117,205,245,6.5,4.9,6.1,77,29413
"Pine County, Minnesota",26878,663,754,182,12,180,2010,2075,41.3,4.9,20587,41.5,8.8,4.1,22.6,52.8,12.4,NA,NA,29413,28834,12,117,205,245,5.6,5,5.7,78.7,29413
"Pipestone County, Minnesota",8808,97,103,94,12,140,2010,638,41.5,3.8,6519,34.8,10.8,4.7,25.5,61,9,NA,NA,9570,9243,0,24,112,191,6.6,4.5,4.7,74.8,9570
"Pipestone County, Minnesota",8808,97,103,94,12,140,2010,638,41.5,3.8,6519,34.8,10.8,4.7,25.5,61,9,NA,NA,9570,9243,0,24,112,191,6.4,4.8,5.1,75.4,9570
"Polk County, Minnesota",29286,358,291,235,14,636,2010,3307,34.7,2.5,20646,32,14.3,6.3,16.7,55,8.5,NA,NA,31336,30386,22,209,349,370,7.7,7.3,5.5,76.4,31336
"Polk County, Minnesota",29286,358,291,235,14,636,2010,3307,34.7,2.5,20646,32,14.3,6.3,16.7,55,8.5,NA,NA,31336,30386,22,209,349,370,7.1,6.9,6.2,76.5,31336
"Pope County, Minnesota",10722,55,47,33,0,16,2010,769,40.3,4.8,7967,38.5,13.6,4.7,14.2,61.8,8.4,NA,NA,11064,10938,22,40,57,7,6,4.9,5.2,79,11064
"Pope County, Minnesota",10722,55,47,33,0,16,2010,769,40.3,4.8,7967,38.5,13.6,4.7,14.2,61.8,8.4,NA,NA,11064,10938,22,40,57,7,5.7,4.4,5.3,78.6,11064
"Ramsey County, Minnesota",364112,57758,3338,66564,151,9346,2010,60760,25.8,14.4,324224,23.8,23.6,15.3,33,44.5,10,NA,NA,503113,434406,448,2710,28700,36849,7.6,8.7,8.3,76.5,503113
"Ramsey County, Minnesota",364112,57758,3338,66564,151,9346,2010,60760,25.8,14.4,324224,23.8,23.6,15.3,33,44.5,10,NA,NA,503113,434406,448,2710,28700,36849,6.9,8.2,8.6,76.7,503113
"Red Lake County, Minnesota",3888,36,53,11,0,23,2010,275,45.5,8,2857,40.9,10.3,2.6,26.7,61.4,8.3,NA,NA,4094,4026,0,12,24,32,6.3,4.4,6.4,76.5,4094
"Red Lake County, Minnesota",3888,36,53,11,0,23,2010,275,45.5,8,2857,40.9,10.3,2.6,26.7,61.4,8.3,NA,NA,4094,4026,0,12,24,32,5.4,4.1,5.1,75.4,4094
"Redwood County, Minnesota",14117,104,792,545,0,104,2010,1120,33.8,10.1,10955,38.5,12.8,3.7,20.6,58.6,9,NA,NA,16069,15668,12,54,135,200,7,4.6,4.8,75.1,16069
"Redwood County, Minnesota",14117,104,792,545,0,104,2010,1120,33.8,10.1,10955,38.5,12.8,3.7,20.6,58.6,9,NA,NA,16069,15668,12,54,135,200,6.7,4.5,5,75.6,16069
"Renville County, Minnesota",14550,108,134,83,0,339,2010,1133,35.6,4.2,11084,38.2,13.6,2.4,31.3,59.4,7.3,NA,NA,16007,15535,18,28,153,273,6.7,5,4.5,76.3,16007
"Renville County, Minnesota",14550,108,134,83,0,339,2010,1133,35.6,4.2,11084,38.2,13.6,2.4,31.3,59.4,7.3,NA,NA,16007,15535,18,28,153,273,6.3,5,4.7,77.5,16007
"Rice County, Minnesota",58410,2297,289,1335,64,1370,2010,9430,25.4,5.1,38539,33.2,17.1,9.9,23.8,50.5,8.8,NA,NA,63087,58939,6,314,1271,2557,9.4,9.9,5.8,76,63087
"Rice County, Minnesota",58410,2297,289,1335,64,1370,2010,9430,25.4,5.1,38539,33.2,17.1,9.9,23.8,50.5,8.8,NA,NA,63087,58939,6,314,1271,2557,9.1,9.9,5.4,77.2,63087
"Rock County, Minnesota",9282,45,106,89,0,21,2010,672,29.3,6.4,6471,38.2,12,4.8,18.9,60.5,8.1,NA,NA,9606,9454,15,25,53,59,6.7,4.7,5,74.4,9606
"Rock County, Minnesota",9282,45,106,89,0,21,2010,672,29.3,6.4,6471,38.2,12,4.8,18.9,60.5,8.1,NA,NA,9606,9454,15,25,53,59,6.7,4.1,4.6,74.9,9606
"Roseau County, Minnesota",14618,92,156,412,0,29,2010,1071,45.1,4.7,10529,40.9,13.8,2.6,18,59.4,10.2,NA,NA,15864,15417,0,97,205,145,7.5,4.4,4.8,73.1,15864
"Roseau County, Minnesota",14618,92,156,412,0,29,2010,1071,45.1,4.7,10529,40.9,13.8,2.6,18,59.4,10.2,NA,NA,15864,15417,0,97,205,145,7.6,4.6,4.6,74.6,15864
"St. Louis County, Minnesota",186183,3098,4347,1881,43,382,2010,25983,23.9,9.4,133796,30.5,17.6,8.1,21.6,49.9,11.1,NA,NA,199472,194758,67,857,2167,1623,7.8,9,5.5,80.1,199472
"St. Louis County, Minnesota",186183,3098,4347,1881,43,382,2010,25983,23.9,9.4,133796,30.5,17.6,8.1,21.6,49.9,11.1,NA,NA,199472,194758,67,857,2167,1623,7.1,9,6,80.6,199472
"Scott County, Minnesota",116503,3938,995,7801,166,2008,2010,8269,32.6,9.3,79509,24.8,26.6,9.4,14.7,62,9.1,NA,NA,126139,115106,48,589,5051,5345,6.7,4.5,6.4,69.6,126139
"Scott County, Minnesota",116503,3938,995,7801,166,2008,2010,8269,32.6,9.3,79509,24.8,26.6,9.4,14.7,62,9.1,NA,NA,126139,115106,48,589,5051,5345,7,4.7,5.8,70.6,126139
"Sherburne County, Minnesota",84576,1809,484,1032,20,236,2010,7426,36.5,6.4,53722,29.9,17.3,6.9,13.8,59.8,8.6,NA,NA,86823,84324,32,300,1016,1151,7.2,6,6.9,70.4,86823
"Sherburne County, Minnesota",84576,1809,484,1032,20,236,2010,7426,36.5,6.4,53722,29.9,17.3,6.9,13.8,59.8,8.6,NA,NA,86823,84324,32,300,1016,1151,7.3,5.8,6.4,71.9,86823
"Sibley County, Minnesota",14648,47,25,106,0,122,2010,1042,33,10.3,10273,41.8,10.6,2.8,21.3,60.3,8.6,NA,NA,15219,14617,0,45,126,431,6.9,4.6,5.3,74.3,15219
"Sibley County, Minnesota",14648,47,25,106,0,122,2010,1042,33,10.3,10273,41.8,10.6,2.8,21.3,60.3,8.6,NA,NA,15219,14617,0,45,126,431,6.4,4.9,5.2,75,15219
"Stearns County, Minnesota",138837,5373,583,2958,23,1676,2010,24073,14.7,6.3,89467,31.2,16,7.6,21.9,52.5,7.2,NA,NA,147927,141558,61,498,2204,3606,9,11.3,6.8,76.8,147927
"Stearns County, Minnesota",138837,5373,583,2958,23,1676,2010,24073,14.7,6.3,89467,31.2,16,7.6,21.9,52.5,7.2,NA,NA,147927,141558,61,498,2204,3606,8.6,10.9,6.5,77.1,147927
"Steele County, Minnesota",33620,881,30,319,0,952,2010,2593,38.6,7.1,24202,35.6,15.8,6.2,18.2,59.8,8.6,NA,NA,36434,34954,0,174,681,625,6.6,5.1,6.2,73.5,36434
"Steele County, Minnesota",33620,881,30,319,0,952,2010,2593,38.6,7.1,24202,35.6,15.8,6.2,18.2,59.8,8.6,NA,NA,36434,34954,0,174,681,625,6.5,5.4,5.9,74.2,36434
"Stevens County, Minnesota",9017,65,146,170,27,124,2010,1879,26.1,6.6,5839,37.4,15.2,8.4,15.4,48.6,7.2,NA,NA,9711,9357,0,30,72,252,9.7,13.2,5.1,79.5,9711
"Stevens County, Minnesota",9017,65,146,170,27,124,2010,1879,26.1,6.6,5839,37.4,15.2,8.4,15.4,48.6,7.2,NA,NA,9711,9357,0,30,72,252,10.2,13.3,5.5,78.8,9711
"Swift County, Minnesota",9265,114,37,29,0,71,2010,644,43.5,2.5,7074,41.5,10.5,4.7,21.2,56.4,8.9,NA,NA,9946,9698,4,38,63,143,7.2,4.1,5.6,77.6,9946
"Swift County, Minnesota",9265,114,37,29,0,71,2010,644,43.5,2.5,7074,41.5,10.5,4.7,21.2,56.4,8.9,NA,NA,9946,9698,4,38,63,143,6.2,5.3,4.8,78.7,9946
"Todd County, Minnesota",23310,90,88,85,0,657,2010,2023,38.8,2.3,16606,38,8.7,3.5,23,62.7,9,NA,NA,24804,23824,0,141,199,640,7.5,5.5,5,75.1,24804
"Todd County, Minnesota",23310,90,88,85,0,657,2010,2023,38.8,2.3,16606,38,8.7,3.5,23,62.7,9,NA,NA,24804,23824,0,141,199,640,7.1,5.1,4.9,75.6,24804
"Traverse County, Minnesota",3218,6,157,0,0,8,2010,203,28.6,8.4,2677,40.6,12,2.7,19.3,59.9,7.5,NA,NA,3657,3577,0,0,35,45,6.5,3.6,5.3,78.8,3657
"Traverse County, Minnesota",3218,6,157,0,0,8,2010,203,28.6,8.4,2677,40.6,12,2.7,19.3,59.9,7.5,NA,NA,3657,3577,0,0,35,45,6.5,4.1,3.7,78.8,3657
"Wabasha County, Minnesota",20995,91,45,65,0,65,2010,1565,40.3,9.3,15010,40.3,12.7,5.2,22.7,59.5,9.7,NA,NA,21743,21304,15,72,188,164,6.9,5,5.1,76.2,21743
"Wabasha County, Minnesota",20995,91,45,65,0,65,2010,1565,40.3,9.3,15010,40.3,12.7,5.2,22.7,59.5,9.7,NA,NA,21743,21304,15,72,188,164,6.3,4.7,5.2,77.3,21743
"Wadena County, Minnesota",13283,141,136,39,0,11,2010,1014,41.8,3.5,9548,37.1,9.6,5.2,32.7,57.8,10.9,NA,NA,13809,13615,0,60,44,90,7.4,4.6,4.8,76.5,13809
"Wadena County, Minnesota",13283,141,136,39,0,11,2010,1014,41.8,3.5,9548,37.1,9.6,5.2,32.7,57.8,10.9,NA,NA,13809,13615,0,60,44,90,6.4,5,4.8,75.9,13809
"Waseca County, Minnesota",17963,454,115,152,0,105,2010,1435,33,7.3,13193,39.3,13,5.3,10.4,55.5,8.3,NA,NA,19168,18607,16,57,89,399,6.5,5.1,6.9,76.3,19168
"Waseca County, Minnesota",17963,454,115,152,0,105,2010,1435,33,7.3,13193,39.3,13,5.3,10.4,55.5,8.3,NA,NA,19168,18607,16,57,89,399,5.8,5,6.5,76.1,19168
"Washington County, Minnesota",213514,9044,870,12576,110,1788,2010,17299,30.2,11.9,151939,23.6,27.3,12.7,14,60.1,9.3,NA,NA,232536,216901,192,1187,8226,6030,7.2,5.2,5.9,72.8,232536
"Washington County, Minnesota",213514,9044,870,12576,110,1788,2010,17299,30.2,11.9,151939,23.6,27.3,12.7,14,60.1,9.3,NA,NA,232536,216901,192,1187,8226,6030,7.1,5.2,5.8,74.2,232536
"Watonwan County, Minnesota",10425,83,49,82,22,336,2010,843,34,3.2,7581,37.2,11.3,3.7,16.3,53.1,10,NA,NA,11212,9812,0,60,156,1184,7.1,5.1,5.6,75.1,11212
"Watonwan County, Minnesota",10425,83,49,82,22,336,2010,843,34,3.2,7581,37.2,11.3,3.7,16.3,53.1,10,NA,NA,11212,9812,0,60,156,1184,6.5,5.4,5.3,75.3,11212
"Wilkin County, Minnesota",6370,24,62,10,0,4,2010,457,48.6,1.1,4589,30.9,13,5.4,28.8,61.3,10.7,NA,NA,6636,6577,2,19,22,16,7.1,4.6,4.6,76,6636
"Wilkin County, Minnesota",6370,24,62,10,0,4,2010,457,48.6,1.1,4589,30.9,13,5.4,28.8,61.3,10.7,NA,NA,6636,6577,2,19,22,16,6.5,4.4,4.6,76.4,6636
"Winona County, Minnesota",48280,683,182,1268,24,381,2010,11044,24.9,6.5,30060,30.7,15.8,9.3,15.7,47,7.4,NA,NA,51304,49412,5,244,718,925,10.7,14.4,6.1,80.1,51304
"Winona County, Minnesota",48280,683,182,1268,24,381,2010,11044,24.9,6.5,30060,30.7,15.8,9.3,15.7,47,7.4,NA,NA,51304,49412,5,244,718,925,9.9,14.4,6,81.4,51304
"Wright County, Minnesota",120515,1330,535,1401,3,1418,2010,8266,41.8,10.3,76203,33.9,18.2,5.6,13.5,62.4,8.5,NA,NA,120764,117120,62,347,1450,1785,6.9,4.7,6.8,69.9,120764
"Wright County, Minnesota",120515,1330,535,1401,3,1418,2010,8266,41.8,10.3,76203,33.9,18.2,5.6,13.5,62.4,8.5,NA,NA,120764,117120,62,347,1450,1785,6.9,4.6,6,70.7,120764
"Yellow Medicine County, Minnesota",9534,28,340,44,0,104,2010,833,29.8,1.2,7203,38,13.4,5.1,18.9,60.3,6.9,NA,NA,10514,10352,0,19,48,95,7.5,5.4,4.8,76.4,10514
"Yellow Medicine County, Minnesota",9534,28,340,44,0,104,2010,833,29.8,1.2,7203,38,13.4,5.1,18.9,60.3,6.9,NA,NA,10514,10352,0,19,48,95,6.7,5,5.6,76.5,10514
